ts,match_id,team1,team2,p_team1,p_3maps,p_elo,model,y,maps3
2026-01-13T11:00,107549,FUT,OG,0.5229764397250457,0.46675427361733,0.5070126201356959,v1-backfill,1.0,0.0
2026-01-13T13:18,107550,FaZe,EYEBALLERS,0.8624981205326453,0.3412343461066469,0.8184466406283142,v1-backfill,0.0,1.0
2026-01-13T16:00,107551,Astralis,fnatic,0.6701323910618433,0.4209922690955919,0.6342867568051244,v1-backfill,1.0,1.0
2026-01-13T19:25,107552,Aurora,HOTU,0.6640006734563592,0.4230178393126246,0.6288435772933109,v1-backfill,1.0,1.0
2026-01-14T11:00,107553,GamerLegion,Passion UA,0.4679922488649139,0.4552485737937082,0.460459236167931,v1-backfill,1.0,1.0
2026-01-14T13:50,107867,Friendly Campers,HEROIC,0.2959242122489108,0.400920492639999,0.3134029669966632,v1-backfill,0.0,0.0
2026-01-14T15:40,107555,Natus Vincere,Monte,0.8266004595577751,0.3600276795826365,0.7813088487406371,v1-backfill,0.0,1.0
2026-01-14T19:15,107556,Vitality,Virtus.pro,0.8683069580516688,0.3378701855205086,0.8246415280988741,v1-backfill,1.0,0.0
2026-01-15T11:00,107557,Gentle Mates,M80,0.4568479328404871,0.4519065301388123,0.451037764464953,v1-backfill,1.0,0.0
2026-01-15T12:50,107558,3DMAX,Inner Circle,0.5594635526079861,0.4557665112196046,0.5380789952407303,v1-backfill,0.0,1.0
2026-01-15T16:00,107559,Liquid,Ninjas in Pyjamas,0.6251603430355216,0.4355194987997206,0.5947193461658998,v1-backfill,1.0,1.0
2026-01-15T19:25,107560,Falcons,ECSTATIC,0.8875303882987648,0.3258873283393542,0.8455815530034685,v1-backfill,1.0,0.0
2026-01-16T10:00,107561,PARIVISION,ENCE,0.5667966468869359,0.4535435651413945,0.5443497973988372,v1-backfill,1.0,0.0
2026-01-16T12:55,107562,Spirit,SINNERS,0.8865792195327541,0.3265149513022597,0.8445283358297948,v1-backfill,1.0,0.0
2026-01-16T15:00,107563,paiN,BetBoom,0.5679287212378368,0.4531997868567067,0.5453188319725245,v1-backfill,1.0,0.0
2026-01-16T17:00,107564,FURIA,9INE,0.9204193975150772,0.3011491681915957,0.883321220172404,v1-backfill,1.0,0.0
2026-01-17T11:00,107565,paiN,HEROIC,0.4285328027623097,0.4433691040294468,0.4270873885321021,v1-backfill,0.0,0.0
2026-01-17T13:14,107566,Gentle Mates,Liquid,0.3843155191150807,0.4297990278332513,0.3895610594946959,v1-backfill,0.0,1.0
2026-01-17T16:10,107567,GamerLegion,Aurora,0.3881903636691836,0.4310042852343799,0.3928593313254486,v1-backfill,1.0,1.0
2026-01-17T19:40,107568,Monte,Falcons,0.1474200552090543,0.3387703158723826,0.1770024289051043,v1-backfill,0.0,0.0
2026-01-18T11:00,107569,PARIVISION,Astralis,0.4443962315273209,0.4481620700501845,0.4405092245965917,v1-backfill,1.0,0.0
2026-01-18T12:49,107570,Inner Circle,Spirit,0.1406889727215645,0.3351015411725728,0.1703641511483047,v1-backfill,0.0,0.0
2026-01-18T15:30,107571,EYEBALLERS,Vitality,0.0646508358678254,0.2799779901279243,0.0899969942084047,v1-backfill,0.0,0.0
2026-01-18T18:10,107572,FUT,FURIA,0.1001639877977597,0.3097588278285305,0.1289874760425465,v1-backfill,0.0,1.0
2026-01-21T10:12,107075,9INE,K27,0.5329804750512386,0.4637503453285671,0.5155109991565624,v1-backfill,1.0,1.0
2026-01-21T10:14,107073,HOTU,Sangal,0.559789965863736,0.4556676991587499,0.5383579017146584,v1-backfill,1.0,1.0
2026-01-21T10:15,107074,FUT,BIG Academy,0.6473683542251678,0.4284359902547549,0.6141595704815059,v1-backfill,0.0,1.0
2026-01-21T10:15,107072,Nuclear TigeRES,Gentle Mates,0.4510391774084792,0.4501613326392013,0.4461266170607103,v1-backfill,0.0,1.0
2026-01-21T14:00,107076,Ursa,BC.Game,0.6022546672843719,0.4426783808142517,0.5748408786528812,v1-backfill,1.0,0.0
2026-01-21T14:20,107077,KOLESIE,fnatic,0.5199401626076435,0.4676652622525608,0.504435702475285,v1-backfill,1.0,0.0
2026-01-21T15:05,107078,EYEBALLERS,Nemesis,0.4531168610650851,0.4507858540626723,0.4478833110195027,v1-backfill,1.0,1.0
2026-01-21T15:05,107079,BetBoom,GenOne,0.5709746332519263,0.4522739733514597,0.5479273955726379,v1-backfill,1.0,1.0
2026-01-21T16:30,107081,K27,FUT,0.4441764494090797,0.4480958544260437,0.440323349246793,v1-backfill,0.0,0.0
2026-01-21T17:00,107080,Sangal,Nuclear TigeRES,0.539128958869281,0.4619016237107825,0.5207407103683626,v1-backfill,0.0,1.0
2026-01-21T19:30,107087,BetBoom,KOLESIE,0.5510923654160543,0.4582967418119968,0.5309328326463094,v1-backfill,1.0,1.0
2026-01-21T19:30,107082,HOTU,Gentle Mates,0.522912831377325,0.4667733610687813,0.5069586243475305,v1-backfill,1.0,0.0
2026-01-21T20:19,107083,9INE,BIG Academy,0.5803982048055766,0.4494010886361476,0.5560106233381459,v1-backfill,1.0,1.0
2026-01-21T20:26,107086,EYEBALLERS,Ursa,0.4441497214428774,0.4480878015419698,0.4403007446048924,v1-backfill,0.0,1.0
2026-01-21T22:10,107085,GenOne,fnatic,0.5400506204114282,0.4616242935397347,0.5215251171923345,v1-backfill,1.0,1.0
2026-01-22T01:06,107084,Nemesis,BC.Game,0.6109056433484044,0.4399899786348325,0.5823297626222239,v1-backfill,1.0,1.0
2026-01-22T13:00,107089,Gentle Mates,GenOne,0.5559884499932257,0.4568177640214544,0.5351108969876945,v1-backfill,1.0,0.0
2026-01-22T13:00,107091,EYEBALLERS,FUT,0.3779064050623618,0.4277972080601479,0.3841003079432503,v1-backfill,1.0,0.0
2026-01-22T13:00,107090,KOLESIE,Nuclear TigeRES,0.5284022104764106,0.4651255969297405,0.5116202211337383,v1-backfill,0.0,0.0
2026-01-22T13:14,107088,BIG Academy,Nemesis,0.4790065027740803,0.4585461516327399,0.4697719789250655,v1-backfill,0.0,1.0
2026-01-22T15:00,107593,Liquid,Falcons,0.2189456702430804,0.3720443261399008,0.2446358185103326,v1-backfill,0.0,0.0
2026-01-22T16:00,107095,9INE,HOTU,0.4433234822564778,0.4478388286473873,0.4396019564608801,v1-backfill,0.0,0.0
2026-01-22T16:00,107094,BetBoom,Ursa,0.5571110486214104,0.4564783106266671,0.5360694689165916,v1-backfill,1.0,0.0
2026-01-22T16:14,107093,EYEBALLERS,Nuclear TigeRES,0.4616925059001493,0.4533602360233394,0.4551334119030358,v1-backfill,0.0,1.0
2026-01-22T17:15,107092,Gentle Mates,Nemesis,0.5839467193930481,0.4483156285627123,0.5590596736297898,v1-backfill,1.0,0.0
2026-01-22T18:00,107594,HEROIC,FURIA,0.213612528296053,0.369836010483034,0.2397431682480074,v1-backfill,0.0,1.0
2026-01-22T19:45,107096,Ursa,Gentle Mates,0.4250076139624718,0.442299732696117,0.424102762780294,v1-backfill,0.0,0.0
2026-01-22T19:46,107097,9INE,Nuclear TigeRES,0.4828138614931091,0.4596853183597417,0.4729919196553411,v1-backfill,1.0,1.0
2026-01-23T15:00,107595,GamerLegion,Vitality,0.1231110832790377,0.3248801204108141,0.1527382764759748,v1-backfill,0.0,0.0
2026-01-23T16:00,107099,HOTU,BetBoom,0.5469001853708526,0.4595612863297086,0.5273587216966318,v1-backfill,1.0,0.0
2026-01-23T16:00,107098,9INE,Gentle Mates,0.4204814606147751,0.4409240929735513,0.4202693014913291,v1-backfill,1.0,1.0
2026-01-23T17:50,107596,PARIVISION,Spirit,0.1502518860172015,0.340278054218183,0.1797783175849048,v1-backfill,1.0,1.0
2026-01-23T20:10,107100,BetBoom,Gentle Mates,0.4862786595770923,0.460721834574338,0.4759226351024113,v1-backfill,0.0,1.0
2026-01-24T15:00,107597,Falcons,Vitality,0.4291738672733846,0.4435633888945735,0.4276300582373176,v1-backfill,1.0,1.0
2026-01-24T18:25,107598,FURIA,PARIVISION,0.8652239698006988,0.3396689251296383,0.8213464966640402,v1-backfill,0.0,0.0
2026-01-28T10:00,108268,Aurora,GamerLegion,0.6114011881937365,0.4398354467032093,0.5827594066237283,v1-backfill,1.0,0.0
2026-01-28T10:00,108267,HEROIC,PARIVISION,0.5354840158010977,0.4629978550199926,0.5176397896549862,v1-backfill,0.0,1.0
2026-01-28T12:30,108269,Astralis,paiN,0.5060958211231597,0.4666519495057686,0.4926979170773118,v1-backfill,1.0,0.0
2026-01-28T13:05,108273,NRG,B8,0.2371779324947151,0.3793532570417983,0.2612179799891123,v1-backfill,1.0,1.0
2026-01-28T15:00,108271,Legacy,BC.Game,0.7528946561393969,0.3915948099561256,0.7097288225467496,v1-backfill,0.0,0.0
2026-01-28T15:54,108270,FUT,3DMAX,0.4542401641205661,0.4511233614116458,0.4488330359049975,v1-backfill,0.0,1.0
2026-01-28T17:30,108266,Liquid,Ninjas in Pyjamas,0.6251853638736071,0.4355116035133662,0.5947411508580853,v1-backfill,1.0,0.0
2026-01-28T19:24,108272,Passion UA,G2,0.3437921971246857,0.4169375858010311,0.3548995873740566,v1-backfill,0.0,1.0
2026-01-29T13:00,108763,PARIVISION,Aurora,0.550840484409006,0.4583727651218977,0.5307180037493261,v1-backfill,1.0,1.0
2026-01-29T13:00,108766,paiN,B8,0.4363966231156783,0.4457487251771534,0.4337424756092618,v1-backfill,1.0,0.0
2026-01-29T15:30,108760,Ninjas in Pyjamas,Passion UA,0.4489950091566304,0.4495465379851288,0.4443981652488927,v1-backfill,1.0,1.0
2026-01-29T15:45,108765,BC.Game,3DMAX,0.3251315536083455,0.4108198961887241,0.3388077772650464,v1-backfill,0.0,0.0
2026-01-29T18:00,108762,Liquid,G2,0.4298285181192754,0.4437617348196202,0.4281842010871932,v1-backfill,0.0,1.0
2026-01-29T18:25,108767,Legacy,FUT,0.575733823019737,0.4508247671054366,0.5520072028483436,v1-backfill,0.0,0.0
2026-01-30T13:00,108764,Astralis,NRG,0.7194527271344363,0.4040131255717334,0.6787498415354086,v1-backfill,0.0,1.0
2026-01-30T13:00,108761,GamerLegion,HEROIC,0.3424643757926944,0.4165068940394842,0.3537576678589235,v1-backfill,1.0,0.0
2026-01-30T15:30,108768,BC.Game,Ninjas in Pyjamas,0.3518649958062018,0.4195420687302599,0.3618327409077838,v1-backfill,1.0,0.0
2026-01-30T16:10,108770,Aurora,paiN,0.5988108224345553,0.4437439222804644,0.5718655692789254,v1-backfill,1.0,0.0
2026-01-30T18:00,108769,Astralis,GamerLegion,0.5219669515589422,0.4670571840505479,0.5061557418850934,v1-backfill,1.0,0.0
2026-01-30T18:14,108771,Liquid,FUT,0.6437675427506206,0.4295954800345138,0.6109951997524989,v1-backfill,0.0,0.0
2026-01-31T13:00,108774,G2,The MongolZ,0.4900555151020928,0.4618516453613512,0.4791179270298283,v1-backfill,1.0,0.0
2026-01-31T13:00,108773,Natus Vincere,PARIVISION,0.6158464722175143,0.4384464873297216,0.5866168700311517,v1-backfill,1.0,1.0
2026-01-31T15:30,108775,FURIA,FUT,0.8660052337439466,0.3392159853238824,0.8221799486600785,v1-backfill,0.0,0.0
2026-01-31T16:45,108772,Spirit,Astralis,0.8256874270258888,0.3604683321062495,0.7803871946114171,v1-backfill,1.0,0.0
2026-01-31T18:19,108786,3DMAX,FaZe,0.3409406841582296,0.4160118399197391,0.3524467423742856,v1-backfill,1.0,0.0
2026-01-31T19:19,108787,Vitality,BC.Game,0.9418557968965108,0.2802639507986296,0.9096753205954626,v1-backfill,1.0,0.0
2026-02-01T13:00,108785,MOUZ,NRG,0.8976958825930377,0.3189146074134544,0.8569604827718232,v1-backfill,1.0,0.0
2026-02-01T13:00,108784,Falcons,Aurora,0.7512854096557658,0.3922134717512994,0.7082200076248416,v1-backfill,0.0,1.0
2026-02-01T15:30,108777,FUT,G2,0.3410444403966443,0.4160455791623615,0.3525360293460204,v1-backfill,0.0,1.0
2026-02-01T16:19,108776,FURIA,The MongolZ,0.7132008263384212,0.4062433700385512,0.6730394254832875,v1-backfill,1.0,1.0
2026-02-01T18:50,108778,PARIVISION,Astralis,0.6376793502678825,0.431545872089243,0.6056561025225043,v1-backfill,0.0,1.0
2026-02-01T19:30,108779,Natus Vincere,Spirit,0.3602740478412756,0.4222308624043996,0.3690384947604207,v1-backfill,0.0,0.0
2026-02-02T13:00,108789,Vitality,3DMAX,0.865084794699631,0.3397494101754537,0.8211981338165703,v1-backfill,1.0,0.0
2026-02-02T13:00,108791,MOUZ,Aurora,0.7195415845528674,0.4039812399033209,0.678831174482904,v1-backfill,0.0,0.0
2026-02-02T15:30,108790,NRG,Falcons,0.1118817942438139,0.3177722540015736,0.1412313902974327,v1-backfill,0.0,1.0
2026-02-02T15:30,108788,BC.Game,FaZe,0.2093493798624286,0.3680457075205705,0.2358174226638701,v1-backfill,0.0,1.0
2026-02-02T18:19,108781,Natus Vincere,FURIA,0.3747530302315825,0.4268082995214283,0.3814109638988199,v1-backfill,0.0,1.0
2026-02-02T18:32,108780,FUT,Astralis,0.5001717498450019,0.464878402580599,0.4876804265139036,v1-backfill,0.0,1.0
2026-02-03T13:00,108793,MOUZ,FaZe,0.6908421255668155,0.4140232961581141,0.6528010153542501,v1-backfill,1.0,0.0
2026-02-03T13:00,108792,3DMAX,Falcons,0.2362852624705815,0.3790034651458113,0.2604110092643372,v1-backfill,0.0,0.0
2026-02-03T15:30,108783,G2,Spirit,0.2938115261410149,0.400186670427372,0.3115534483488082,v1-backfill,0.0,1.0
2026-02-03T15:30,108782,FURIA,Astralis,0.8025533657169087,0.3711462349202805,0.7573606240965388,v1-backfill,1.0,1.0
2026-02-03T18:40,108794,Vitality,Aurora,0.7912857427525509,0.3760477914983911,0.7463544541113644,v1-backfill,1.0,0.0
2026-02-03T19:10,108795,Falcons,MOUZ,0.5231495275449634,0.4667023331683125,0.5071595531207832,v1-backfill,0.0,0.0
2026-02-06T14:45,108796,Aurora,FURIA,0.3165257550785265,0.4079475661695235,0.3313522607540483,v1-backfill,0.0,0.0
2026-02-06T18:00,108797,G2,MOUZ,0.3490159209097795,0.4186255776982175,0.3593876784535901,v1-backfill,0.0,0.0
2026-02-07T14:45,108798,Spirit,FURIA,0.5549851162649667,0.4571210414574842,0.5342543574232671,v1-backfill,0.0,1.0
2026-02-07T19:10,108799,Vitality,MOUZ,0.6320553460685886,0.4333368797931223,0.6007361190802251,v1-backfill,1.0,0.0
2026-02-08T12:30,108800,Spirit,MOUZ,0.5628123105010666,0.454752184509489,0.5409413359017994,v1-backfill,1.0,0.0
2026-02-10T10:35,109572,Alliance,Johnny Speeds,0.4965775544553227,0.4638028419773953,0.4846375179035417,v1-backfill,1.0,0.0
2026-02-10T10:57,109571,Nuclear TigeRES,SINNERS,0.5001081799651502,0.4648593767497188,0.4876265993405341,v1-backfill,0.0,1.0
2026-02-10T10:58,109574,BetBoom,BASEMENT BOYS,0.578207537938523,0.4500701593937589,0.5541297662469035,v1-backfill,1.0,0.0
2026-02-10T11:14,109573,ENCE,CYBERSHOKE,0.5009625888283089,0.4651151016618582,0.4883500861182882,v1-backfill,1.0,1.0
2026-02-10T13:18,109578,fnatic,OG,0.470316777070089,0.4559448705491786,0.4624244763485667,v1-backfill,1.0,0.0
2026-02-10T13:20,109576,Inner Circle,Tricked,0.5980693846679156,0.443972995931996,0.5712254303070047,v1-backfill,1.0,1.0
2026-02-10T14:20,109575,BET-M,EYEBALLERS,0.5415533970664925,0.461171977808858,0.5228043719373869,v1-backfill,1.0,1.0
2026-02-10T14:30,109577,Nemesis,K27,0.5254710297460505,0.4660055972956523,0.509130600075466,v1-backfill,0.0,0.0
2026-02-10T16:00,109582,BetBoom,ENCE,0.6041739679241772,0.4420834156789529,0.5765004952613878,v1-backfill,1.0,0.0
2026-02-10T17:22,109579,Johnny Speeds,Nuclear TigeRES,0.431200679621031,0.444177289626871,0.4293456068744457,v1-backfill,1.0,0.0
2026-02-10T18:15,109581,Alliance,SINNERS,0.436003356239612,0.4456299013147798,0.4334097405302307,v1-backfill,0.0,0.0
2026-02-10T18:30,109580,BASEMENT BOYS,CYBERSHOKE,0.5016008999847003,0.4653061614372414,0.4888906229944088,v1-backfill,0.0,0.0
2026-02-10T19:00,109586,fnatic,K27,0.5083587762992411,0.4673297656918983,0.4946153140672247,v1-backfill,1.0,1.0
2026-02-10T19:58,109583,Tricked,EYEBALLERS,0.5449467056773504,0.4601500235577446,0.5256942393369034,v1-backfill,0.0,1.0
2026-02-10T20:59,109584,OG,Nemesis,0.5386580354223757,0.4620433036233897,0.5203399658073793,v1-backfill,1.0,1.0
2026-02-10T21:00,109585,Inner Circle,BET-M,0.5947776445789138,0.4449886370216167,0.5683852095717313,v1-backfill,0.0,1.0
2026-02-11T13:00,109590,ENCE,EYEBALLERS,0.5126451027463816,0.4686142688807543,0.4982483572119974,v1-backfill,1.0,0.0
2026-02-11T13:00,109587,CYBERSHOKE,Inner Circle,0.4556426663271377,0.4515446239063631,0.4500187879756458,v1-backfill,0.0,0.0
2026-02-11T13:00,109588,Alliance,OG,0.4861376361024362,0.4606796481967495,0.4758033396851598,v1-backfill,1.0,1.0
2026-02-11T13:00,109589,K27,Johnny Speeds,0.5280919160184316,0.4652187702526928,0.5113566195432538,v1-backfill,0.0,0.0
2026-02-11T16:00,109594,BetBoom,SINNERS,0.5486438461804437,0.4590355121303736,0.5288449511735078,v1-backfill,1.0,1.0
2026-02-11T16:00,109593,fnatic,BET-M,0.4870503697739128,0.4609526858826351,0.4765754608573222,v1-backfill,0.0,1.0
2026-02-11T16:00,109592,Inner Circle,Johnny Speeds,0.6160684566024247,0.4383769954415431,0.5868096601582675,v1-backfill,0.0,0.0
2026-02-11T16:40,109591,ENCE,Alliance,0.5532464687120442,0.4576463378372817,0.5327705117694724,v1-backfill,1.0,0.0
2026-02-11T20:00,109596,SINNERS,Johnny Speeds,0.553900429453452,0.457448792895699,0.5333285704238149,v1-backfill,1.0,0.0
2026-02-11T20:04,109595,ENCE,fnatic,0.5557948411512167,0.45687629430117,0.5349456001981285,v1-backfill,0.0,1.0
2026-02-12T16:08,109597,SINNERS,fnatic,0.607168921414247,0.4411533448505091,0.5790923286046784,v1-backfill,1.0,0.0
2026-02-12T16:10,109598,BetBoom,BET-M,0.6004526714920005,0.4432362449579691,0.5732836356897552,v1-backfill,1.0,0.0
2026-02-12T19:08,109599,BET-M,SINNERS,0.4064816292128134,0.4366480917786404,0.408400409175005,v1-backfill,1.0,1.0
2026-02-14T08:30,109894,Natus Vincere,Astralis,0.6854252090111842,0.4158663889815935,0.6479380823586527,v1-backfill,1.0,0.0
2026-02-14T08:30,109893,Aurora,FUT,0.6495399283328367,0.4277345067654013,0.6160703743369805,v1-backfill,0.0,1.0
2026-02-14T10:34,109896,MOUZ,PARIVISION,0.7210631795156149,0.4034343951927766,0.6802246786897753,v1-backfill,1.0,1.0
2026-02-14T11:45,109895,FaZe,HEROIC,0.5377307357535167,0.4623222442972464,0.519550950951034,v1-backfill,1.0,0.0
2026-02-14T14:40,109898,Falcons,3DMAX,0.7848280271607087,0.3787804573533959,0.740102777446115,v1-backfill,1.0,0.0
2026-02-14T14:43,109897,Vitality,G2,0.8215972203012717,0.3624231670061014,0.7762709085496973,v1-backfill,1.0,1.0
2026-02-14T17:00,109899,The MongolZ,paiN,0.6887029022562388,0.4147529718555757,0.6508787851028914,v1-backfill,1.0,1.0
2026-02-14T18:25,109900,FURIA,B8,0.827122194052462,0.3597751600344937,0.7818359749880969,v1-backfill,1.0,0.0
2026-02-15T08:08,109901,Natus Vincere,MOUZ,0.4230024990864385,0.4416906907984038,0.4224047132080193,v1-backfill,0.0,0.0
2026-02-15T08:15,109902,3DMAX,Astralis,0.4835548381402106,0.4599069953503329,0.473618636517029,v1-backfill,0.0,0.0
2026-02-15T10:25,109903,G2,PARIVISION,0.5809852992493422,0.4492216466737353,0.5565148778923026,v1-backfill,0.0,1.0
2026-02-15T10:35,109904,Falcons,FaZe,0.696393086786959,0.412118518012441,0.6578000217941711,v1-backfill,1.0,1.0
2026-02-15T13:30,109905,Aurora,paiN,0.657031862085501,0.425301017135542,0.6226771577391785,v1-backfill,1.0,1.0
2026-02-15T13:54,109906,FURIA,FUT,0.8291447720726655,0.3587912345713828,0.7838826798805498,v1-backfill,1.0,1.0
2026-02-15T16:30,109907,B8,HEROIC,0.4544784671645805,0.4511949495630189,0.4490345124629877,v1-backfill,1.0,0.0
2026-02-15T17:40,109908,Vitality,The MongolZ,0.826393722765933,0.3601275955031938,0.7811000692094019,v1-backfill,1.0,1.0
2026-02-16T08:00,109910,FaZe,PARIVISION,0.5209732316689613,0.4673553341245479,0.5053123615738698,v1-backfill,0.0,1.0
2026-02-16T08:00,109909,Natus Vincere,Aurora,0.6089362353781402,0.4406035357597493,0.5806229854325353,v1-backfill,1.0,1.0
2026-02-16T11:10,109912,FUT,Astralis,0.4932041880278665,0.4627935761857287,0.4817823321492327,v1-backfill,1.0,0.0
2026-02-16T11:44,109911,The MongolZ,B8,0.6460836075341831,0.4288502098875605,0.6130299688608826,v1-backfill,1.0,1.0
2026-02-16T13:25,109913,3DMAX,HEROIC,0.4518795508218159,0.450413978387546,0.4468371685994783,v1-backfill,0.0,0.0
2026-02-16T15:10,109914,MOUZ,Vitality,0.3537532167468791,0.4201479058779273,0.3634521540984493,v1-backfill,0.0,0.0
2026-02-16T16:17,109916,G2,paiN,0.7000124143097749,0.4108674229092026,0.6610683076935707,v1-backfill,1.0,0.0
2026-02-16T17:10,109915,FURIA,Falcons,0.5753389748226897,0.4509451285943778,0.5516685313784035,v1-backfill,0.0,1.0
2026-02-17T10:00,109918,MOUZ,FUT,0.7652050465037561,0.3867814020120168,0.7213373999849336,v1-backfill,1.0,0.0
2026-02-17T10:00,109917,FaZe,Astralis,0.6170669031332844,0.4380642754459286,0.5876769866937799,v1-backfill,0.0,0.0
2026-02-17T12:05,109919,B8,Aurora,0.4250166362123971,0.4423024718358468,0.424110402668658,v1-backfill,0.0,0.0
2026-02-17T12:37,109920,Natus Vincere,The MongolZ,0.5693537326161541,0.452766808730283,0.5465389909923389,v1-backfill,0.0,1.0
2026-02-17T14:25,109922,G2,HEROIC,0.6431987869617329,0.4297782124699346,0.6104958353608855,v1-backfill,1.0,0.0
2026-02-17T15:27,109921,FURIA,PARIVISION,0.7300429375455714,0.4001740452819417,0.688478329471763,v1-backfill,1.0,0.0
2026-02-18T10:00,109923,Aurora,Astralis,0.6006238843900298,0.4431832709197302,0.5734315551258793,v1-backfill,1.0,0.0
2026-02-18T12:05,109924,FUT,PARIVISION,0.432681066063512,0.4446253490860303,0.4305984848254768,v1-backfill,0.0,1.0
2026-02-18T16:00,109925,Natus Vincere,G2,0.5166274126734863,0.4686589462349801,0.5016252948482804,v1-backfill,1.0,0.0
2026-02-20T08:00,109926,Falcons,PARIVISION,0.7145793531358055,0.4057538109812043,0.6742965312775517,v1-backfill,0.0,1.0
2026-02-20T12:10,109927,MOUZ,Natus Vincere,0.6281836873598017,0.4345641823235599,0.5973555989090393,v1-backfill,1.0,1.0
2026-02-20T15:55,109928,Vitality,Aurora,0.8292566310358227,0.358736584177463,0.7839960238007626,v1-backfill,1.0,0.0
2026-02-20T18:45,109929,FURIA,The MongolZ,0.7104617645815983,0.4072124947915789,0.6705449585868127,v1-backfill,0.0,1.0
2026-02-21T15:00,109930,PARIVISION,MOUZ,0.3190251642015462,0.4087853570039658,0.3335199961257272,v1-backfill,1.0,0.0
2026-02-21T18:00,109931,Vitality,The MongolZ,0.811328181955294,0.3672003380915884,0.7660235062049618,v1-backfill,1.0,0.0
2026-02-22T12:00,109932,MOUZ,The MongolZ,0.6373501687335349,0.4316509790724187,0.6053678145615173,v1-backfill,1.0,0.0
2026-03-01T10:30,112062,PARIVISION,SemperFi,0.7939654599246834,0.3748979400300326,0.7489604623506547,v1-backfill,1.0,0.0
2026-03-01T10:30,112068,HEROIC,NRG,0.7078190660199581,0.4081430683913439,0.6681424006093919,v1-backfill,1.0,0.0
2026-03-01T13:00,112063,Astralis,Monte,0.6222591636582389,0.4364337645106738,0.5921924885461494,v1-backfill,1.0,1.0
2026-03-01T13:13,112061,G2,Gaimin Gladiators,0.8355583982685278,0.3556167684428918,0.7904074924988399,v1-backfill,1.0,0.0
2026-03-01T15:42,112067,Ninjas in Pyjamas,Legacy,0.4756834654103109,0.4575516564468488,0.4669620104720752,v1-backfill,0.0,1.0
2026-03-01T15:49,112064,FUT,M80,0.6284862761498753,0.4344684237599317,0.5976196166503074,v1-backfill,1.0,1.0
2026-03-01T18:52,112065,3DMAX,paiN,0.5038088444723862,0.4659671391945261,0.4907605998447747,v1-backfill,0.0,1.0
2026-03-01T19:42,112066,Liquid,Passion UA,0.581764472490906,0.4489834090291255,0.5571842330576167,v1-backfill,0.0,0.0
2026-03-02T10:29,112070,NRG,Monte,0.4066360111166606,0.4366954345298798,0.4085314015324771,v1-backfill,0.0,0.0
2026-03-02T10:30,112069,HEROIC,Astralis,0.5296564311890716,0.4647489441639695,0.5126858324372667,v1-backfill,0.0,0.0
2026-03-02T13:09,112072,3DMAX,SemperFi,0.5989794484051798,0.4436918076919918,0.572011177642498,v1-backfill,1.0,0.0
2026-03-02T13:34,112071,PARIVISION,paiN,0.7290630226481766,0.4005326616257271,0.687575122673942,v1-backfill,1.0,0.0
2026-03-02T15:28,112076,Ninjas in Pyjamas,M80,0.4802370463275776,0.458914358473192,0.4708126134631105,v1-backfill,0.0,1.0
2026-03-02T16:29,112075,Passion UA,FUT,0.4666678106482029,0.454851741168477,0.4593395342757152,v1-backfill,0.0,1.0
2026-03-02T18:46,112077,Liquid,Gaimin Gladiators,0.7190410755991464,0.4041607732054487,0.6783731122634665,v1-backfill,0.0,1.0
2026-03-02T19:51,112078,G2,Legacy,0.7456023150956045,0.3943798905770285,0.7029070182885307,v1-backfill,0.0,0.0
2026-03-03T10:27,112080,FUT,Astralis,0.499691350916739,0.4647346265076868,0.487273660585635,v1-backfill,1.0,0.0
2026-03-03T10:28,112079,HEROIC,Monte,0.5959657979281983,0.4446222963681773,0.5694100534519733,v1-backfill,0.0,0.0
2026-03-03T12:55,112082,PARIVISION,Legacy,0.7296171998855345,0.4003299384984731,0.6880858412789853,v1-backfill,0.0,0.0
2026-03-03T13:43,112081,SemperFi,Liquid,0.3639254368751586,0.4233912031327872,0.3721625981385544,v1-backfill,0.0,1.0
2026-03-03T15:31,112084,3DMAX,Gaimin Gladiators,0.6609045716920741,0.4240346244233688,0.6261014062660308,v1-backfill,1.0,0.0
2026-03-03T16:55,112083,paiN,Passion UA,0.4739003964509414,0.457017911071612,0.4654543609572411,v1-backfill,1.0,1.0
2026-03-03T17:58,112086,G2,M80,0.7247413675233478,0.4021058808590758,0.6835992132253186,v1-backfill,1.0,1.0
2026-03-03T20:40,112085,Ninjas in Pyjamas,NRG,0.6015834918235513,0.4428862467673324,0.5742607587028659,v1-backfill,1.0,1.0
2026-03-04T12:24,112087,PARIVISION,Monte,0.7033586053404933,0.4097040828738262,0.6640963214782208,v1-backfill,0.0,1.0
2026-03-04T12:25,112088,Astralis,3DMAX,0.5752302232827271,0.450978275156653,0.5515752584547331,v1-backfill,1.0,0.0
2026-03-04T14:58,112090,Ninjas in Pyjamas,Gaimin Gladiators,0.610671228749864,0.4400630582019846,0.5821265477325321,v1-backfill,1.0,0.0
2026-03-04T16:40,112089,HEROIC,Passion UA,0.5328252374263861,0.46379699380773,0.5153790270409501,v1-backfill,1.0,0.0
2026-03-04T17:33,112092,paiN,G2,0.328923045015244,0.4120746921396813,0.3420852849170067,v1-backfill,1.0,0.0
2026-03-04T18:50,112091,M80,Liquid,0.4653782740165401,0.4544652857525316,0.4582493515931432,v1-backfill,0.0,1.0
2026-03-05T12:26,112093,PARIVISION,HEROIC,0.6435861379906908,0.4296537746198685,0.6108359140350116,v1-backfill,0.0,0.0
2026-03-05T14:55,112094,G2,Ninjas in Pyjamas,0.7119252380210559,0.4066952859245932,0.6718771962091559,v1-backfill,1.0,0.0
2026-03-05T17:50,112095,3DMAX,Liquid,0.4794979963689541,0.4586932212685624,0.4701876147382048,v1-backfill,1.0,0.0
2026-03-06T10:30,112544,Natus Vincere,Monte,0.7347268708834473,0.3984499091719496,0.6928044017329003,v1-backfill,1.0,1.0
2026-03-06T10:30,112543,FUT,Astralis,0.5329099445702231,0.4637715397028008,0.5154510386954497,v1-backfill,0.0,0.0
2026-03-06T13:00,112546,Aurora,Legacy,0.6462926028647992,0.4287828666662485,0.6132136824331101,v1-backfill,1.0,1.0
2026-03-06T13:30,112545,Spirit,3DMAX,0.8696068682291473,0.3371024767277051,0.826035795845241,v1-backfill,1.0,0.0
2026-03-06T16:00,112548,G2,FaZe,0.5543403722776206,0.4573158731898161,0.5337040390977348,v1-backfill,1.0,0.0
2026-03-06T18:10,112547,The MongolZ,paiN,0.6836429699353432,0.4164695278977602,0.6463413407973196,v1-backfill,1.0,0.0
2026-03-06T18:10,112549,MOUZ,HEROIC,0.7745820342808241,0.3830119130198667,0.7302626719873895,v1-backfill,1.0,1.0
2026-03-06T21:15,112550,FURIA,B8,0.8225486007915715,0.3619712323054935,0.777226542775472,v1-backfill,0.0,1.0
2026-03-07T10:30,112551,The MongolZ,Aurora,0.5502514787406982,0.4585505170906225,0.5302156840930378,v1-backfill,1.0,0.0
2026-03-07T10:30,112552,paiN,FaZe,0.4255687761156642,0.4424700784559791,0.4245779339676805,v1-backfill,1.0,1.0
2026-03-07T13:00,112554,Natus Vincere,G2,0.5881917366362082,0.4470142525089779,0.5627111694829183,v1-backfill,0.0,1.0
2026-03-07T14:10,112553,Monte,Legacy,0.4966863617675709,0.4638353985955148,0.4847296233064327,v1-backfill,0.0,0.0
2026-03-07T16:10,112555,MOUZ,Astralis,0.74214108255141,0.3956857201674227,0.6996827179555578,v1-backfill,1.0,1.0
2026-03-07T16:15,112556,FUT,HEROIC,0.5088535058317167,0.4674779794049046,0.4950345563163535,v1-backfill,1.0,1.0
2026-03-07T19:00,112558,FURIA,3DMAX,0.8240343719335059,0.3612621210816303,0.7787211456599845,v1-backfill,0.0,0.0
2026-03-07T19:24,112557,Spirit,B8,0.847712284417332,0.349354417468959,0.8029245943179066,v1-backfill,1.0,1.0
2026-03-08T10:30,112560,paiN,Aurora,0.3783825148864689,0.4279462843139739,0.3845062049654107,v1-backfill,0.0,0.0
2026-03-08T10:30,112559,FaZe,Monte,0.5927452444346921,0.445614629971535,0.5666330197770294,v1-backfill,1.0,0.0
2026-03-08T13:00,112562,FUT,3DMAX,0.562418302686142,0.4548715969164663,0.5406044466254505,v1-backfill,0.0,0.0
2026-03-08T14:00,112561,Natus Vincere,B8,0.6790563386073832,0.4180145419764663,0.6422392643847544,v1-backfill,1.0,0.0
2026-03-08T15:30,112564,Legacy,Astralis,0.4638457762487875,0.4540059090003902,0.4569537786906928,v1-backfill,1.0,0.0
2026-03-08T16:39,112563,MOUZ,The MongolZ,0.6291830131678731,0.4342478285297641,0.5982276596987612,v1-backfill,1.0,0.0
2026-03-08T18:00,112566,FURIA,HEROIC,0.7438649867798707,0.3950365966965019,0.7012875418240584,v1-backfill,1.0,1.0
2026-03-08T18:30,112565,Spirit,G2,0.753486154789962,0.391366821223265,0.7102838989325788,v1-backfill,1.0,0.0
2026-03-09T12:30,112567,FUT,B8,0.522225210881807,0.46697969278802,0.5063749475811229,v1-backfill,1.0,0.0
2026-03-09T12:30,112568,The MongolZ,3DMAX,0.661288511842253,0.423908747854913,0.6264412322992128,v1-backfill,1.0,1.0
2026-03-09T15:00,112570,Natus Vincere,Legacy,0.6709681952055907,0.4207149082599776,0.6350300126005053,v1-backfill,0.0,0.0
2026-03-09T15:45,112569,Astralis,FaZe,0.5041596237847307,0.466072164171484,0.4910577206085058,v1-backfill,1.0,1.0
2026-03-09T17:30,112571,FURIA,paiN,0.7942832168401716,0.374760954305455,0.749269947287227,v1-backfill,1.0,0.0
2026-03-09T19:15,112572,G2,Aurora,0.5194274700170411,0.4678190638267809,0.5040006769144195,v1-backfill,0.0,0.0
2026-03-10T12:30,112573,3DMAX,Natus Vincere,0.360238062385191,0.4222194058558726,0.3690076918618188,v1-backfill,0.0,1.0
2026-03-10T15:45,112574,G2,FUT,0.5834391310138148,0.4484710259361675,0.5586233469187387,v1-backfill,0.0,1.0
2026-03-10T18:55,112575,Astralis,FURIA,0.2946327366444901,0.4004722210513761,0.3122725711602477,v1-backfill,1.0,1.0
2026-03-13T09:00,112535,The MongolZ,Natus Vincere,0.5121215844210243,0.4684573349988876,0.4978045374411498,v1-backfill,0.0,0.0
2026-03-13T12:15,112536,Legacy,Aurora,0.4431559719119048,0.4477883440109302,0.4394602822225038,v1-backfill,0.0,1.0
2026-03-13T16:00,112537,MOUZ,FUT,0.7692255770341606,0.3851766491029085,0.7251551690612809,v1-backfill,0.0,1.0
2026-03-13T20:35,112538,Astralis,Spirit,0.2031769157009784,0.3654120367591713,0.2301093663248331,v1-backfill,1.0,0.0
2026-03-14T14:45,112540,FUT,Natus Vincere,0.3877149553466969,0.4308566067820186,0.3924547875905409,v1-backfill,0.0,1.0
2026-03-14T18:27,112539,Astralis,Aurora,0.4689712214727961,0.4555418462387702,0.46128688692717,v1-backfill,0.0,1.0
2026-03-15T12:30,112541,Astralis,FUT,0.5507185920932192,0.4584095528114759,0.530614045892662,v1-backfill,1.0,1.0
2026-03-18T10:00,111717,Falcons,NRG,0.9045305771758207,0.3139229499646526,0.8647458150318742,v1-backfill,1.0,0.0
2026-03-18T12:45,111718,Natus Vincere,B8,0.74925614900049,0.3929902902193915,0.7063201608317213,v1-backfill,1.0,1.0
2026-03-18T17:30,111719,FaZe,Aurora,0.395615080107971,0.4333038644090141,0.399173042337726,v1-backfill,0.0,1.0
2026-03-18T21:45,111720,FURIA,TYLOO,0.8130211853514829,0.3664250294375009,0.7677046227889675,v1-backfill,1.0,0.0
2026-03-19T10:00,111721,PARIVISION,Ninjas in Pyjamas,0.7282059012712035,0.4008457590260827,0.6867856123538129,v1-backfill,1.0,1.0
2026-03-19T14:00,111722,Spirit,Liquid,0.8689639563387765,0.3374828727361271,0.8253458451555193,v1-backfill,1.0,0.0
2026-03-19T16:50,111723,MOUZ,The MongolZ,0.66969066528896,0.4211387313108441,0.6338940712184457,v1-backfill,0.0,0.0
2026-03-19T19:30,111724,Vitality,9z,0.9490605917808612,0.2718544680910723,0.9189538037840006,v1-backfill,1.0,0.0
2026-03-20T11:00,113604,NRG,B8,0.2972718236945038,0.4013872177282127,0.3145818104427701,v1-backfill,1.0,0.0
2026-03-20T13:30,113605,FaZe,TYLOO,0.6493092007781958,0.4278091193739827,0.6158672651688795,v1-backfill,0.0,1.0
2026-03-20T17:15,113606,Falcons,Natus Vincere,0.5934912370218779,0.4453849538478052,0.5672760358210548,v1-backfill,0.0,1.0
2026-03-20T21:00,113607,Aurora,FURIA,0.4055933986141768,0.4363756190523727,0.4076466974145052,v1-backfill,1.0,0.0
2026-03-21T11:00,113612,Ninjas in Pyjamas,Liquid,0.4552570234500849,0.4514288047095115,0.4496927473098646,v1-backfill,0.0,1.0
2026-03-21T14:45,113613,MOUZ,9z,0.8555712437435128,0.3451131026428093,0.8111323972740573,v1-backfill,0.0,1.0
2026-03-21T18:40,113614,PARIVISION,Spirit,0.235473475886811,0.3786846837498667,0.2596767359671634,v1-backfill,1.0,0.0
2026-03-21T21:10,113615,The MongolZ,Vitality,0.1854365877306871,0.3575409215946161,0.2135330801476515,v1-backfill,0.0,0.0
2026-03-22T11:00,113609,Falcons,TYLOO,0.8279648173721526,0.3593662189092809,0.7826880245675234,v1-backfill,1.0,1.0
2026-03-22T14:27,113608,FURIA,NRG,0.8671612294490325,0.3385422256931076,0.8234150831243581,v1-backfill,1.0,1.0
2026-03-22T17:44,113616,The MongolZ,Liquid,0.7383711725510443,0.3970967308514668,0.6961805332105631,v1-backfill,1.0,0.0
2026-03-22T20:15,113617,Spirit,9z,0.8776652417581042,0.3322125284279873,0.8347472021266096,v1-backfill,1.0,0.0
2026-03-23T11:00,113611,Aurora,Natus Vincere,0.4669551340187637,0.4549378368711368,0.4595824409022527,v1-backfill,0.0,0.0
2026-03-23T13:30,113610,FURIA,Falcons,0.4592380699438072,0.4526239238331185,0.4530584284165098,v1-backfill,0.0,1.0
2026-03-23T17:45,113619,Vitality,PARIVISION,0.865290473841807,0.3396304442978559,0.8214174026411525,v1-backfill,1.0,0.0
2026-03-23T20:45,113618,The MongolZ,Spirit,0.3451422773613062,0.4173748159070811,0.3560601910193205,v1-backfill,1.0,0.0
2026-03-27T14:00,113620,Aurora,The MongolZ,0.4573358749854838,0.4520530159758674,0.4514502837517781,v1-backfill,1.0,0.0
2026-03-27T16:35,113621,Falcons,PARIVISION,0.6765885904301594,0.4188416398311335,0.6400364175217725,v1-backfill,0.0,0.0
2026-03-28T14:10,113622,Vitality,Aurora,0.8350989737037586,0.3558470027598869,0.7899383144341667,v1-backfill,1.0,0.0
2026-03-28T16:50,113623,Natus Vincere,PARIVISION,0.6243534776807101,0.4357740085682319,0.5940163061189736,v1-backfill,1.0,1.0
2026-04-01T10:15,115079,G2,Nemesis,0.7928236347561343,0.3753890612706024,0.7478491839010113,v1-backfill,1.0,0.0
2026-04-01T12:09,115080,HEROIC,BetBoom,0.5549022296651229,0.4571460909006111,0.5341836057719647,v1-backfill,0.0,1.0
2026-04-01T15:20,115081,GamerLegion,9INE,0.5703997279155705,0.4524488152593724,0.5474348891456329,v1-backfill,1.0,0.0
2026-04-01T17:30,115082,Gentle Mates,Ninjas in Pyjamas,0.6074162164384829,0.4410764558715427,0.5793064538086999,v1-backfill,0.0,1.0
2026-04-02T10:00,115083,Nemesis,HEROIC,0.2771950909616112,0.3943191134164861,0.2969433107226071,v1-backfill,0.0,0.0
2026-04-02T12:00,115084,9INE,Gentle Mates,0.436155115391761,0.4456757568151588,0.433538141801136,v1-backfill,1.0,1.0
2026-04-02T15:00,115085,G2,BetBoom,0.6199249999831483,0.4371676521306143,0.5901614888018603,v1-backfill,1.0,1.0
2026-04-02T17:45,115086,GamerLegion,Ninjas in Pyjamas,0.6023410579354562,0.4426516180766402,0.5749155582127585,v1-backfill,1.0,1.0
2026-04-03T10:00,115088,BetBoom,9INE,0.6357011897941361,0.4321769707341042,0.6039242773703539,v1-backfill,1.0,0.0
2026-04-03T12:00,115087,Ninjas in Pyjamas,HEROIC,0.3561585070056922,0.4209178782677134,0.3655138450749134,v1-backfill,0.0,0.0
2026-04-03T14:28,115089,G2,GamerLegion,0.6540567682767437,0.4262699053479749,0.6200508296152997,v1-backfill,1.0,0.0
2026-04-03T16:45,115090,HEROIC,BetBoom,0.5473777642438192,0.459417305798863,0.5277657418026405,v1-backfill,0.0,1.0
2026-04-04T07:00,116594,FUT,Inner Circle,0.6724605296813995,0.4202189081539452,0.6363578941943375,v1-backfill,1.0,1.0
2026-04-04T07:00,116593,3DMAX,FOKUS,0.6877667318637658,0.4150715453771702,0.6500383114815634,v1-backfill,0.0,1.0
2026-04-04T09:55,116596,B8,Wildcard,0.6067393466546313,0.4412868743677497,0.5787204153146951,v1-backfill,1.0,0.0
2026-04-04T10:10,116595,NRG,Voca,0.4761036244610421,0.4576774139221032,0.4673172813279255,v1-backfill,1.0,0.0
2026-04-04T11:50,116597,Astralis,MIBR,0.8344921501106233,0.356150418217009,0.7893190369856263,v1-backfill,1.0,0.0
2026-04-04T11:55,116598,The MongolZ,BC.Game,0.8513635489583714,0.347403946477588,0.8067263164984636,v1-backfill,1.0,0.0
2026-04-04T13:00,115091,GamerLegion,BetBoom,0.4305807859539339,0.4439895870797125,0.4288209398182393,v1-backfill,0.0,0.0
2026-04-04T14:06,116599,PARIVISION,Legacy,0.5874917170961629,0.4472290764228709,0.5621087191761385,v1-backfill,1.0,1.0
2026-04-04T16:00,115092,G2,BetBoom,0.5926483342393306,0.4456444586936475,0.5665494976326838,v1-backfill,1.0,1.0
2026-04-05T07:00,116601,FUT,NRG,0.7363662856650331,0.3978424660880086,0.6943220525329387,v1-backfill,1.0,0.0
2026-04-05T07:00,116602,3DMAX,Voca,0.6948919969123318,0.4126352578578919,0.6564465888932727,v1-backfill,1.0,1.0
2026-04-05T08:40,116603,Astralis,B8,0.6804090271046677,0.417559945674415,0.6434479851464189,v1-backfill,1.0,1.0
2026-04-05T10:39,116604,BC.Game,MIBR,0.5581681393539752,0.4561585413566104,0.5369723162200841,v1-backfill,0.0,1.0
2026-04-05T11:45,116605,PARIVISION,FOKUS,0.7819379496476726,0.3799865785957239,0.7373175774208025,v1-backfill,1.0,0.0
2026-04-05T14:10,116606,Legacy,Inner Circle,0.6799639251262044,0.4177096272616668,0.6430501583393288,v1-backfill,1.0,1.0
2026-04-05T14:25,116607,The MongolZ,EYEBALLERS,0.8533589753789576,0.3463234551170833,0.8088124344719843,v1-backfill,1.0,0.0
2026-04-06T07:00,116610,FOKUS,Wildcard,0.5387653804674396,0.4620110095708968,0.5204313109959663,v1-backfill,0.0,1.0
2026-04-06T07:00,116609,Legacy,MIBR,0.8052899887328075,0.3699283098834375,0.7600534463120746,v1-backfill,0.0,1.0
2026-04-06T10:10,116611,NRG,EYEBALLERS,0.5524374218837366,0.4578906718277432,0.5320802141685241,v1-backfill,0.0,0.0
2026-04-06T10:10,116612,B8,3DMAX,0.4773775779195896,0.4580586916839255,0.4683945173081996,v1-backfill,0.0,1.0
2026-04-06T12:40,116613,Inner Circle,FaZe,0.4005619687570825,0.4348292760070522,0.4033755196321186,v1-backfill,1.0,0.0
2026-04-06T13:09,116614,Astralis,The MongolZ,0.4321602838598072,0.4444677587422814,0.43015775238903,v1-backfill,1.0,0.0
2026-04-06T14:50,116615,BC.Game,Voca,0.4610899235454142,0.4531794998438817,0.4546239901771562,v1-backfill,1.0,1.0
2026-04-06T15:10,116616,PARIVISION,FUT,0.6034599536850682,0.4423048491947678,0.5758829664846714,v1-backfill,0.0,0.0
2026-04-07T07:00,116617,MIBR,EYEBALLERS,0.4775476936949152,0.4581096020830935,0.4685383680354004,v1-backfill,1.0,0.0
2026-04-07T07:00,116618,NRG,Legacy,0.267775663632137,0.390910772331964,0.2886073170839414,v1-backfill,0.0,0.0
2026-04-07T09:00,116619,The MongolZ,Wildcard,0.8144103750971987,0.365785325615533,0.7690864705115554,v1-backfill,1.0,0.0
2026-04-07T09:03,116620,B8,Inner Circle,0.5313675226802167,0.4642349719480058,0.5141399383893225,v1-backfill,1.0,0.0
2026-04-07T11:04,116622,FOKUS,BC.Game,0.5782380931005523,0.4500608325542269,0.5541559926532542,v1-backfill,1.0,0.0
2026-04-07T11:20,116621,PARIVISION,3DMAX,0.6483501416862412,0.428119053353109,0.615023231904384,v1-backfill,0.0,0.0
2026-04-08T07:00,116623,FOKUS,EYEBALLERS,0.596618497864511,0.4444209290755782,0.5699732007155488,v1-backfill,0.0,1.0
2026-04-08T10:30,116624,B8,Legacy,0.4307333479940032,0.4440357871644616,0.4289500678601132,v1-backfill,1.0,0.0
2026-04-08T12:30,116625,PARIVISION,Wildcard,0.7721407797228915,0.3840023865930423,0.7279318350584952,v1-backfill,1.0,0.0
2026-04-09T07:00,117191,MIBR,3DMAX,0.2844088335823309,0.3968880457236182,0.3033003224476331,v1-backfill,0.0,1.0
2026-04-09T10:30,117192,Astralis,EYEBALLERS,0.8294730369505602,0.3586307854459319,0.7842153476379922,v1-backfill,1.0,1.0
2026-04-09T13:45,117193,FUT,B8,0.6220669859574007,0.4364942437049037,0.5920252042245857,v1-backfill,1.0,0.0
2026-04-09T16:15,117194,The MongolZ,PARIVISION,0.5893085438957029,0.4466713374949252,0.5636725684166056,v1-backfill,1.0,1.0
2026-04-10T14:00,117195,3DMAX,Astralis,0.3945200183290644,0.4329654841994306,0.3982423294218346,v1-backfill,0.0,0.0
2026-04-10T16:45,117196,FUT,The MongolZ,0.4514665716593892,0.4502898295508256,0.4464879888706556,v1-backfill,1.0,0.0
2026-04-11T12:00,117197,3DMAX,The MongolZ,0.3595837404714601,0.4220110191952881,0.3684475557676903,v1-backfill,0.0,0.0
2026-04-13T13:00,116753,Vitality,RED Canids,0.9667379658779112,0.2462003216190095,0.9429438294477804,v1-backfill,1.0,0.0
2026-04-13T13:00,116754,Gentle Mates,G2,0.3005766407614167,0.4025274100506005,0.317469827329549,v1-backfill,0.0,1.0
2026-04-13T15:30,116756,Spirit,Liquid,0.849216728986148,0.3485548542619057,0.8044886332598438,v1-backfill,1.0,0.0
2026-04-13T16:15,116755,3DMAX,Falcons,0.2719342378305898,0.3924233267420119,0.2922926481015385,v1-backfill,0.0,0.0
2026-04-13T18:00,116759,B8,Natus Vincere,0.2624523721008996,0.3889557699559582,0.2838776438504163,v1-backfill,0.0,1.0
2026-04-13T18:30,116757,Legacy,MOUZ,0.3117037624446023,0.4063226591185813,0.327164365139689,v1-backfill,0.0,1.0
2026-04-13T20:40,116760,FURIA,Passion UA,0.7789361403955467,0.3812287345851201,0.7344327712698546,v1-backfill,1.0,0.0
2026-04-13T21:25,116758,Aurora,HOTU,0.6979151617325335,0.4115932792316792,0.6591736064177303,v1-backfill,1.0,0.0
2026-04-14T13:00,117078,Vitality,G2,0.8818646025825686,0.3295686246173616,0.8393353733278623,v1-backfill,1.0,1.0
2026-04-14T13:00,117077,RED Canids,Gentle Mates,0.3935763320334188,0.4326736675695,0.3974401414954497,v1-backfill,1.0,1.0
2026-04-14T16:15,117079,Liquid,3DMAX,0.4376881275295211,0.4461388219487695,0.4348351358996588,v1-backfill,0.0,0.0
2026-04-14T16:40,117080,Spirit,Falcons,0.5819373736064118,0.4489305296077753,0.5573327845081668,v1-backfill,0.0,0.0
2026-04-14T18:25,117086,Passion UA,B8,0.4297239342861243,0.4437300518443218,0.4280956757896894,v1-backfill,0.0,0.0
2026-04-14T18:30,117085,FURIA,Natus Vincere,0.4939838736238351,0.4630268339261358,0.48244218890042,v1-backfill,1.0,1.0
2026-04-14T20:30,117087,HOTU,Legacy,0.4620324274678278,0.4534621813421991,0.4554207804609445,v1-backfill,1.0,0.0
2026-04-14T21:35,117088,Aurora,MOUZ,0.4840092014420151,0.4600429237000636,0.4740029470856887,v1-backfill,0.0,0.0
2026-04-15T13:00,117081,G2,3DMAX,0.657072257306676,0.4252878382512772,0.6227128426805592,v1-backfill,1.0,0.0
2026-04-15T13:00,117082,Spirit,RED Canids,0.885681371760417,0.3271037582503342,0.8435358898363379,v1-backfill,1.0,1.0
2026-04-15T15:30,117089,Natus Vincere,HOTU,0.7311088257529862,0.3997831546228205,0.6894614974277102,v1-backfill,1.0,0.0
2026-04-15T16:00,117090,Aurora,B8,0.6751854014513269,0.4193106689190088,0.6387851403243182,v1-backfill,1.0,0.0
2026-04-15T18:00,117084,Vitality,Falcons,0.7853866568917469,0.3785461449008045,0.7406420267832736,v1-backfill,0.0,1.0
2026-04-15T18:00,117083,Spirit,G2,0.6346140574311868,0.4325232715577875,0.6029731241406431,v1-backfill,1.0,0.0
2026-04-15T20:30,117091,Aurora,Natus Vincere,0.4575980672590368,0.4521317223726843,0.4516719470444764,v1-backfill,0.0,1.0
2026-04-15T21:35,117092,FURIA,MOUZ,0.4947749495485446,0.4632635068961177,0.4831117226955377,v1-backfill,1.0,0.0
2026-04-17T15:00,117107,Spirit,MOUZ,0.5937965090266603,0.4452909352259249,0.5675392099827666,v1-backfill,1.0,0.0
2026-04-17T18:15,117108,Vitality,Natus Vincere,0.7897405754983708,0.3767065070960875,0.744854966083822,v1-backfill,1.0,0.0
2026-04-18T15:00,117109,Falcons,Spirit,0.5044357567671568,0.4661548426595401,0.4912916205366471,v1-backfill,0.0,0.0
2026-04-18T18:15,117110,FURIA,Vitality,0.2263248815196997,0.375045528694699,0.2513732106508508,v1-backfill,0.0,0.0
2026-04-19T13:30,117111,Falcons,FURIA,0.5558496966388953,0.4568597112278376,0.5349924332990297,v1-backfill,1.0,0.0
2026-04-23T12:10,117930,Monte,Betclic,0.5824614620811479,0.4487702137497178,0.557783108684266,v1-backfill,1.0,0.0
2026-04-23T15:20,117931,BIG,100 Thieves,0.4427051054614419,0.4476524468481498,0.4390789502273964,v1-backfill,1.0,1.0
2026-04-23T19:15,117932,Ninjas in Pyjamas,Sharks,0.6792086753439345,0.4179633900514755,0.6423753437832547,v1-backfill,1.0,0.0
2026-04-24T11:00,117933,Betclic,Sharks,0.6835374296735717,0.4165051948534524,0.6462468346727779,v1-backfill,0.0,0.0
2026-04-24T14:00,117936,HEROIC,BIG,0.6456674341546254,0.4289842650807912,0.6126641894674316,v1-backfill,1.0,0.0
2026-04-24T17:00,117935,Monte,Ninjas in Pyjamas,0.5967254830079999,0.4443879143169983,0.5700655179925792,v1-backfill,1.0,1.0
2026-04-25T08:00,117937,BIG,Sharks,0.6937421710136413,0.4130302431523119,0.6554106756907633,v1-backfill,1.0,1.0
2026-04-25T12:00,117938,Ninjas in Pyjamas,100 Thieves,0.4329408368992258,0.4447039438800381,0.430818320146997,v1-backfill,1.0,0.0
2026-04-25T15:35,117939,Monte,HEROIC,0.4128173983642241,0.4385874198079567,0.4137741773859581,v1-backfill,0.0,1.0
2026-04-25T20:00,117940,BIG,Ninjas in Pyjamas,0.5024226802502044,0.4655521546958283,0.4895865706546327,v1-backfill,0.0,1.0
2026-04-26T11:30,117941,Monte,Ninjas in Pyjamas,0.5617581870723966,0.4550716171435309,0.5400400943381984,v1-backfill,1.0,1.0
2026-04-29T15:05,117246,Vitality,FUT,0.8603783171514794,0.3424361344005339,0.8162000560299532,v1-backfill,1.0,1.0
2026-04-29T18:20,117247,Astralis,G2,0.5277606819945534,0.4653182266681482,0.5110752427336169,v1-backfill,0.0,0.0
2026-04-29T20:20,117250,Natus Vincere,FaZe,0.7614753273140406,0.3882552986976652,0.717807630302105,v1-backfill,1.0,0.0
2026-04-29T22:30,117251,FURIA,GamerLegion,0.7905058070433142,0.3763806727538039,0.7455972870943948,v1-backfill,0.0,1.0
2026-04-30T15:00,117248,FUT,Astralis,0.5874462323786904,0.4472430318135224,0.5620695783582782,v1-backfill,0.0,0.0
2026-04-30T17:00,117249,Vitality,G2,0.8635520837755796,0.340631782354354,0.8195664061297372,v1-backfill,1.0,1.0
2026-04-30T20:25,117252,FaZe,FURIA,0.2848282712728804,0.3970363664539443,0.3036692568608671,v1-backfill,1.0,1.0
2026-04-30T23:15,117253,Natus Vincere,GamerLegion,0.7937502286068946,0.3749906492542583,0.7487508907386349,v1-backfill,1.0,0.0
2026-05-01T19:30,117827,G2,FaZe,0.703576815785535,0.4096279926864401,0.6642939989044723,v1-backfill,0.0,1.0
2026-05-01T23:50,117828,Astralis,GamerLegion,0.7280224214041441,0.4009127123016817,0.6866166678852303,v1-backfill,0.0,0.0
2026-05-02T17:30,117829,Natus Vincere,FaZe,0.760036225514436,0.3888203009631606,0.7164486701335802,v1-backfill,1.0,0.0
2026-05-02T20:05,117830,Vitality,GamerLegion,0.9323362349969484,0.290183632615634,0.8977623179999603,v1-backfill,1.0,0.0
2026-05-09T05:00,119511,G2,Fisher College,0.7998127953491341,0.3723548455694344,0.7546717830225428,v1-backfill,1.0,0.0
2026-05-09T05:00,119512,Aurora,HEROIC,0.6685852046268239,0.4215048935331394,0.6329117243082787,v1-backfill,0.0,0.0
2026-05-09T06:50,119513,The MongolZ,magic,0.8181390301925023,0.3640522176453574,0.7728063426067232,v1-backfill,1.0,0.0
2026-05-09T07:05,119514,MOUZ,Gentle Mates,0.7907302458230596,0.3762849625048225,0.745815113474351,v1-backfill,1.0,1.0
2026-05-09T10:00,119516,Spirit,The Huns,0.9307657368753736,0.2917119565275565,0.8958309150043143,v1-backfill,1.0,0.0
2026-05-09T10:25,119515,Falcons,K27,0.9037634566795888,0.3144966348862351,0.8638662604655044,v1-backfill,1.0,0.0
2026-05-09T11:40,119517,PARIVISION,9z,0.7404982097483733,0.3963020417701974,0.6981552903317593,v1-backfill,0.0,0.0
2026-05-09T12:30,119518,FURIA,Monte,0.7003410331735908,0.41075346156746,0.6613654060402315,v1-backfill,1.0,0.0
2026-05-10T05:00,119519,K27,Gentle Mates,0.3935976464473608,0.4326802608245569,0.3974582613407277,v1-backfill,0.0,1.0
2026-05-10T05:00,119520,MOUZ,G2,0.5419343696519433,0.4610572844462561,0.5231287333829275,v1-backfill,1.0,1.0
2026-05-10T08:20,119521,Aurora,The Huns,0.8648951541342004,0.3398589815821174,0.8209960269140704,v1-backfill,1.0,0.0
2026-05-10T08:40,119522,The MongolZ,Spirit,0.3705946867601558,0.4255000075165176,0.3778617822235508,v1-backfill,0.0,0.0
2026-05-10T10:05,119523,PARIVISION,Fisher College,0.746800138312528,0.3939256174216874,0.7040248596714886,v1-backfill,1.0,0.0
2026-05-10T11:20,119524,FURIA,HEROIC,0.6412498183894058,0.4304035512809295,0.608785579621695,v1-backfill,1.0,0.0
2026-05-10T11:55,119525,Monte,magic,0.652889305454042,0.4266491872047283,0.619021217592212,v1-backfill,1.0,0.0
2026-05-10T13:10,119526,Falcons,9z,0.8556146212334138,0.3450892371195069,0.8111779624280342,v1-backfill,0.0,1.0
2026-05-11T04:00,119857,Chinggis Warriors,NEXVOID,0.5160431740781264,0.4688341709896663,0.501129769587603,v1-backfill,1.0,1.0
2026-05-11T04:10,119858,FlyQuest,JiJieHao,0.5599081444659365,0.455631921050977,0.538458885355479,v1-backfill,0.0,1.0
2026-05-11T05:00,119527,HEROIC,Gentle Mates,0.6522651787784516,0.4268517416996915,0.6184710127747287,v1-backfill,0.0,0.0
2026-05-11T05:00,119528,PARIVISION,Aurora,0.4393424723804599,0.4466382390329146,0.4362346541935226,v1-backfill,0.0,0.0
2026-05-11T06:55,119529,The MongolZ,G2,0.5316444529181718,0.46415177512687,0.5143753131795489,v1-backfill,1.0,0.0
2026-05-11T07:25,119530,Falcons,Monte,0.7915822873213713,0.3759210150313926,0.7466424964600867,v1-backfill,1.0,0.0
2026-05-11T07:45,119860,TYLOO,Ground Zero,0.600710138279401,0.443156581187542,0.5735060772716857,v1-backfill,1.0,0.0
2026-05-11T08:00,119859,5star,Rare Atom,0.6485077639555099,0.4280681381707626,0.6151619246951537,v1-backfill,1.0,1.0
2026-05-11T10:00,119531,K27,magic,0.4890684209290125,0.4615563651505194,0.4782827584518766,v1-backfill,0.0,0.0
2026-05-11T10:00,119873,Lynn Vision,Alter Ego,0.4329866465414631,0.4447178029150705,0.43085708689806,v1-backfill,1.0,0.0
2026-05-11T11:00,119532,MOUZ,9z,0.7609820800661832,0.38844918014292,0.7173416653549531,v1-backfill,0.0,1.0
2026-05-11T12:00,119872,Haunted House,THUNDER dOWNUNDER,0.5147109896150491,0.4692336998091138,0.5,v1-backfill,1.0,0.0
2026-05-11T12:30,119875,SemperFi,Change The Game,0.4533624448091574,0.4508596503665681,0.4480909478968222,v1-backfill,1.0,1.0
2026-05-11T12:55,119533,The Huns,Fisher College,0.4110956747099333,0.4380611289964645,0.4123142887164016,v1-backfill,1.0,0.0
2026-05-11T13:15,119534,FURIA,Spirit,0.3642061464234775,0.4234802342649212,0.3724026566374357,v1-backfill,0.0,1.0
2026-05-11T14:30,119874,Last Bullet,Kaleido,0.5147109896150491,0.4692336998091138,0.5,v1-backfill,0.0,1.0
2026-05-11T15:30,119490,B8,BetBoom,0.4621403350804955,0.4534945423352667,0.4555120051601874,v1-backfill,0.0,1.0
2026-05-11T15:30,119491,paiN,FaZe,0.4527437615083216,0.450673731102471,0.4475678595348691,v1-backfill,1.0,0.0
2026-05-11T18:00,119488,Vitality,BC.Game,0.9748410291695008,0.2305038022801732,0.9547219744062786,v1-backfill,1.0,0.0
2026-05-11T18:35,119489,NRG,FUT,0.1692933734490656,0.3499292171125622,0.1982045702044341,v1-backfill,0.0,0.0
2026-05-11T20:30,119494,Natus Vincere,Passion UA,0.8421934286176591,0.3522402295856545,0.7972152143044349,v1-backfill,1.0,0.0
2026-05-11T21:10,119493,SINNERS,GamerLegion,0.4851587017389416,0.4603868024929017,0.4749752580529358,v1-backfill,0.0,0.0
2026-05-11T23:00,119495,Liquid,Astralis,0.2801576543166215,0.3953783097749975,0.2995567734305399,v1-backfill,0.0,0.0
2026-05-12T00:30,119492,Legacy,M80,0.6156342350964917,0.4385129159824764,0.586432559621764,v1-backfill,1.0,0.0
2026-05-12T03:00,119861,TYLOO,5star,0.6206315219257929,0.4369456701707294,0.5907760606451188,v1-backfill,1.0,0.0
2026-05-12T03:10,119862,JiJieHao,Chinggis Warriors,0.4970968603469271,0.4639582272707122,0.4850771173709706,v1-backfill,1.0,1.0
2026-05-12T05:00,119535,HEROIC,magic,0.6901451902941719,0.4142612795168995,0.6521745158114619,v1-backfill,0.0,1.0
2026-05-12T05:00,119536,MOUZ,Aurora,0.5113298734810539,0.4682200325275739,0.4971334030463012,v1-backfill,1.0,0.0
2026-05-12T05:50,119876,Lynn Vision,Haunted House,0.4369053052799154,0.4459023946339339,0.4341728494422536,v1-backfill,1.0,1.0
2026-05-12T07:00,119877,SemperFi,Kaleido,0.4765094077627255,0.4577988641104993,0.4676604008948431,v1-backfill,0.0,0.0
2026-05-12T07:45,119538,The MongolZ,Falcons,0.4106235842530641,0.4379167305439996,0.411913939909194,v1-backfill,0.0,1.0
2026-05-12T08:00,119537,Monte,The Huns,0.7342717112905732,0.3986181861568082,0.6923833719123964,v1-backfill,1.0,1.0
2026-05-12T09:30,119864,FlyQuest,NEXVOID,0.538246960970381,0.4621669656712151,0.5199901779123778,v1-backfill,1.0,0.0
2026-05-12T09:40,119863,Ground Zero,Rare Atom,0.6291755812572354,0.4342501823200906,0.598221172984079,v1-backfill,1.0,1.0
2026-05-12T11:20,119539,PARIVISION,G2,0.4408752851992641,0.4471007005430569,0.4375312491462419,v1-backfill,0.0,1.0
2026-05-12T11:30,119540,FURIA,Gentle Mates,0.7645372192576675,0.387046341962962,0.7207045445834815,v1-backfill,1.0,1.0
2026-05-12T11:45,119878,Change The Game,Last Bullet,0.5306121560406583,0.4644618838682298,0.5134979716240494,v1-backfill,1.0,1.0
2026-05-12T13:00,119879,Alter Ego,THUNDER dOWNUNDER,0.5107274315943254,0.4680394814770373,0.4966227515274511,v1-backfill,0.0,0.0
2026-05-12T15:30,119554,FaZe,NRG,0.7131831681782891,0.4062496330769271,0.6730233299951563,v1-backfill,1.0,0.0
2026-05-12T15:30,119552,BC.Game,B8,0.2816486544873424,0.3959091615507942,0.3008706208297422,v1-backfill,0.0,0.0
2026-05-12T18:00,119555,paiN,FUT,0.3049811157300335,0.4040375705161288,0.3213125177955557,v1-backfill,1.0,1.0
2026-05-12T18:00,119553,Vitality,BetBoom,0.9170693961265912,0.3039977056049986,0.8793447037815054,v1-backfill,0.0,1.0
2026-05-12T21:10,119561,Natus Vincere,GamerLegion,0.7790062125728565,0.3811998592988665,0.7345000196414312,v1-backfill,1.0,1.0
2026-05-12T22:10,119560,Passion UA,SINNERS,0.4720007574282489,0.4564491605701122,0.4638482221562318,v1-backfill,0.0,1.0
2026-05-13T00:00,119563,Legacy,Astralis,0.3945301112711556,0.4329686041785427,0.3982509083431977,v1-backfill,1.0,0.0
2026-05-13T01:15,119562,M80,Liquid,0.5273355199844327,0.4654458792227888,0.5107140960742336,v1-backfill,0.0,1.0
2026-05-13T03:10,119865,Chinggis Warriors,Ground Zero,0.5346148021376618,0.4632591549806871,0.5169005887461977,v1-backfill,1.0,0.0
2026-05-13T03:20,119866,5star,FlyQuest,0.4552880127627268,0.4514381120545456,0.4497189472134172,v1-backfill,1.0,1.0
2026-05-13T05:00,119541,Gentle Mates,magic,0.6085218761367541,0.4407325085649545,0.5802640297349826,v1-backfill,0.0,0.0
2026-05-13T05:30,119880,Haunted House,Change The Game,0.5121402898255953,0.4684629420282326,0.4978203947523312,v1-backfill,1.0,0.0
2026-05-13T06:55,119881,SemperFi,THUNDER dOWNUNDER,0.4615696188827716,0.4533233795180956,0.4550295235761127,v1-backfill,0.0,0.0
2026-05-13T07:30,119542,Monte,G2,0.3411439058520086,0.4160779192264845,0.3526216212705318,v1-backfill,0.0,0.0
2026-05-13T07:50,119867,JiJieHao,TYLOO,0.3892363171054842,0.4313290058904951,0.3937492548612872,v1-backfill,1.0,0.0
2026-05-13T09:35,119882,Lynn Vision,Kaleido,0.443324110707341,0.4478390180459963,0.4396024879800697,v1-backfill,1.0,0.0
2026-05-13T10:00,119868,5star,Chinggis Warriors,0.4820344603154738,0.4594521387526686,0.4723327262373347,v1-backfill,1.0,0.0
2026-05-13T10:00,119543,The MongolZ,Aurora,0.5589927659808953,0.4559090068375722,0.5376767631325451,v1-backfill,0.0,0.0
2026-05-13T11:30,119883,THUNDER dOWNUNDER,Haunted House,0.4993926528534769,0.464645233616976,0.4870207536460567,v1-backfill,1.0,1.0
2026-05-13T15:30,119556,FaZe,Vitality,0.0815256013495376,0.2953915697461893,0.1089264452379643,v1-backfill,0.0,0.0
2026-05-13T15:30,119557,B8,FUT,0.3596797510137571,0.4220416050230541,0.3685297519078789,v1-backfill,1.0,0.0
2026-05-13T18:00,119565,Astralis,SINNERS,0.6926935112058682,0.4133898518306062,0.654466512823551,v1-backfill,1.0,0.0
2026-05-13T18:00,119564,GamerLegion,Liquid,0.6402427012126938,0.4307261905349364,0.607902374135532,v1-backfill,1.0,0.0
2026-05-13T20:30,119559,BetBoom,paiN,0.6166021947829395,0.4382098573486912,0.5872732668305648,v1-backfill,1.0,1.0
2026-05-13T20:35,119558,B8,Vitality,0.0978832987939557,0.3081172547042261,0.1265735429211245,v1-backfill,0.0,0.0
2026-05-13T23:00,119566,Astralis,GamerLegion,0.618314766653175,0.4376730701828324,0.5887614169969392,v1-backfill,0.0,0.0
2026-05-13T23:40,119567,Natus Vincere,Legacy,0.7304542357968653,0.400023311381264,0.688857619265058,v1-backfill,0.0,1.0
2026-05-14T08:10,119869,TYLOO,5star,0.5886065969130237,0.4468868967573876,0.5630682638044838,v1-backfill,1.0,0.0
2026-05-14T10:45,119884,Kaleido,THUNDER dOWNUNDER,0.482421451805168,0.4595679190390888,0.4726600288007274,v1-backfill,0.0,1.0
2026-05-15T05:20,119544,MOUZ,Aurora,0.5382409126032252,0.4621687850973137,0.5199850314728383,v1-backfill,1.0,0.0
2026-05-15T08:20,119545,Spirit,G2,0.7113242364737753,0.4069078504597559,0.6713299370256929,v1-backfill,1.0,0.0
2026-05-15T11:45,119546,9z,magic,0.600331425038548,0.4432737553406218,0.5731788896781252,v1-backfill,0.0,1.0
2026-05-15T15:40,119547,FURIA,Falcons,0.4073140656211065,0.4369033135205493,0.4091066963670877,v1-backfill,0.0,1.0
2026-05-15T17:15,119568,paiN,GamerLegion,0.4423996126333636,0.4475603555173821,0.4388205672565948,v1-backfill,0.0,1.0
2026-05-15T21:30,119569,Natus Vincere,Vitality,0.2069087199270049,0.3670103335739875,0.2335638613458569,v1-backfill,1.0,1.0
2026-05-16T08:00,119870,JiJieHao,TYLOO,0.4324961909916357,0.4445694091993335,0.4304420288579409,v1-backfill,1.0,0.0
2026-05-16T10:00,119548,MOUZ,Spirit,0.365840868974736,0.4239982289917193,0.3738003277706016,v1-backfill,0.0,0.0
2026-05-16T11:25,119885,Lynn Vision,THUNDER dOWNUNDER,0.465610251285919,0.4545348120205853,0.4584454659437703,v1-backfill,1.0,1.0
2026-05-16T13:00,119549,magic,Falcons,0.1590243994015344,0.3448246688107496,0.1883173768215348,v1-backfill,0.0,0.0
2026-05-16T17:15,119571,Legacy,GamerLegion,0.5319386225716664,0.4640633949210386,0.5146253516459321,v1-backfill,0.0,1.0
2026-05-16T21:00,119570,BetBoom,Natus Vincere,0.3254756449501319,0.4109340356563227,0.3391053996494012,v1-backfill,0.0,0.0
2026-05-17T08:00,119550,MOUZ,magic,0.803021715639899,0.3709385896292437,0.7578209171377598,v1-backfill,1.0,0.0
2026-05-17T14:55,119572,BetBoom,Legacy,0.5259392419266486,0.4658650530338264,0.509528208791089,v1-backfill,0.0,0.0
2026-05-20T07:50,119835,MIBR,PARIVISION,0.2805751538771868,0.3955271036467221,0.2999247653983266,v1-backfill,1.0,0.0
2026-05-20T08:00,119836,The MongolZ,B8,0.652033228372502,0.4269269819987012,0.6182665747605747,v1-backfill,0.0,1.0
2026-05-20T10:40,119828,Falcons,M80,0.8574484299080672,0.3440755317243895,0.8131069615211708,v1-backfill,1.0,0.0
2026-05-20T11:20,119827,Legacy,TYLOO,0.6579796447634354,0.4249916363081996,0.6235146037221732,v1-backfill,1.0,0.0
2026-05-21T03:00,119838,3DMAX,Liquid,0.6314525474687549,0.433528261718106,0.6002094462307794,v1-backfill,0.0,1.0
2026-05-21T03:00,119830,NRG,MOUZ,0.1312776299061042,0.3297531383884654,0.1609820528015701,v1-backfill,0.0,1.0
2026-05-21T06:10,119837,Lynn Vision,Ninjas in Pyjamas,0.5015765896881936,0.4652988846494986,0.4888700359107723,v1-backfill,1.0,1.0
2026-05-21T06:55,119829,BC.Game,paiN,0.2905687066247885,0.3990551586395022,0.3087111505880025,v1-backfill,0.0,0.0
2026-05-21T09:25,119840,The MongolZ,Liquid,0.7896141974109948,0.3767602456057985,0.7447324258966487,v1-backfill,1.0,1.0
2026-05-21T09:30,119832,M80,MOUZ,0.2237288046706988,0.3739966370053216,0.2490071043080945,v1-backfill,0.0,1.0
2026-05-21T12:30,119839,PARIVISION,Lynn Vision,0.666568987835234,0.4221713665923681,0.6311214607741875,v1-backfill,1.0,0.0
2026-05-21T12:50,119831,TYLOO,paiN,0.4812309897940148,0.4592117493258073,0.4716531992925253,v1-backfill,0.0,1.0
2026-05-22T03:00,119833,Falcons,Legacy,0.7012191892341572,0.4104486224880231,0.662159621803388,v1-backfill,1.0,0.0
2026-05-22T03:00,119841,B8,MIBR,0.7047980200752024,0.4092016375607388,0.6654007837390892,v1-backfill,0.0,1.0
2026-05-22T05:15,119834,MOUZ,paiN,0.7123186980492684,0.4065560014121064,0.672235587670443,v1-backfill,1.0,0.0
2026-05-22T05:55,119842,The MongolZ,PARIVISION,0.6209840010227803,0.4368348742555265,0.591082726697971,v1-backfill,1.0,0.0
2026-05-22T08:45,119844,B8,MOUZ,0.3526563484594966,0.4197961250394806,0.3625115368547843,v1-backfill,0.0,0.0
2026-05-22T09:10,119843,Legacy,The MongolZ,0.4367481990637714,0.4458549370936337,0.4340399301155655,v1-backfill,1.0,1.0
2026-05-23T05:00,119845,Falcons,MOUZ,0.6271638565051646,0.4348867246817738,0.5964659959033992,v1-backfill,1.0,1.0
2026-05-23T09:25,119846,MIBR,Legacy,0.2907709148540229,0.3991258998472233,0.3088885067918997,v1-backfill,0.0,0.0
2026-05-24T03:00,119847,MOUZ,MIBR,0.8151645456427371,0.3654366900029281,0.7698375739354101,v1-backfill,1.0,0.0
2026-05-27T10:00,119788,3DMAX,magic,0.5744083011908799,0.4512287326622159,0.5508704050807659,v1-backfill,0.0,0.0
2026-05-27T12:50,119789,HEROIC,Ninjas in Pyjamas,0.6378919541358824,0.4314779694790744,0.6058423160544854,v1-backfill,0.0,0.0
2026-05-27T14:50,119790,FaZe,Alliance,0.7054380847791567,0.4089778192432261,0.6659812135360552,v1-backfill,1.0,0.0
2026-05-27T16:45,119791,9z,Sharks,0.7555410490723103,0.3905722729034445,0.7122143367956044,v1-backfill,0.0,1.0
2026-05-28T10:00,119792,3DMAX,Alliance,0.659599819057686,0.4244619500215208,0.6249470371209753,v1-backfill,0.0,1.0
2026-05-28T13:45,119793,HEROIC,9z,0.5433752614936347,0.4606234007749717,0.5243557159929898,v1-backfill,0.0,1.0
2026-05-28T17:35,119794,magic,FaZe,0.4270388730909663,0.4429161287442903,0.4258226492717236,v1-backfill,1.0,1.0
2026-05-28T20:45,119795,Ninjas in Pyjamas,Sharks,0.6902957857061773,0.4142098771485809,0.6523098701004514,v1-backfill,1.0,0.0
2026-05-29T10:00,119796,FaZe,9z,0.552790794865757,0.4577839602727883,0.532381706132213,v1-backfill,1.0,1.0
2026-05-29T14:25,119797,Sharks,Alliance,0.4339550696107868,0.4450107244758214,0.4316765938900448,v1-backfill,1.0,0.0
2026-05-29T16:45,119798,magic,Ninjas in Pyjamas,0.520446991556568,0.4675132133572393,0.5048657810935804,v1-backfill,1.0,0.0
2026-05-29T18:30,119799,Sharks,FaZe,0.2707660549094828,0.3919997064716988,0.2912582282839264,v1-backfill,0.0,0.0
2026-05-30T13:00,119800,Ninjas in Pyjamas,FaZe,0.4012779065537132,0.4350496184567555,0.4039834645976809,v1-backfill,1.0,0.0
2026-05-30T16:00,119801,magic,Ninjas in Pyjamas,0.5430803386594858,0.4607122211291066,0.5241045500776318,v1-backfill,0.0,1.0
2026-06-03T14:40,121381,TYLOO,SINNERS,0.5484511676256579,0.4590936243976456,0.528680694668812,v1-backfill,1.0,0.0
2026-06-03T14:50,121382,GamerLegion,BetBoom,0.5192431840425594,0.4678743458693765,0.5038443151607324,v1-backfill,0.0,0.0
2026-06-03T17:00,121431,Gaimin Gladiators,HEROIC,0.3364957350034322,0.4145624718816828,0.3486189878310132,v1-backfill,0.0,0.0
2026-06-03T17:00,121432,M80,B8,0.3743937543777232,0.4266954565821184,0.3811044443124351,v1-backfill,0.0,0.0
2026-06-04T12:00,121433,THUNDER dOWNUNDER,FlyQuest,0.5249838232607819,0.4661518345790054,0.5087168893887785,v1-backfill,0.0,0.0
2026-06-04T12:00,121434,TYLOO,Sharks,0.7089275269212401,0.4077532722558529,0.6691496442781734,v1-backfill,1.0,1.0
2026-06-04T14:30,121436,GamerLegion,BIG,0.6748773071408949,0.4194135307820409,0.6385105245844249,v1-backfill,1.0,0.0
2026-06-04T15:00,121435,MIBR,Lynn Vision,0.521575504873747,0.4671746347906991,0.505823503721266,v1-backfill,1.0,0.0
2026-06-04T17:00,121438,M80,NRG,0.6277635022263306,0.4346971113145875,0.596989026679654,v1-backfill,1.0,0.0
2026-06-04T17:05,121437,Liquid,HEROIC,0.4487624534008679,0.4494765728784267,0.4442015203826725,v1-backfill,1.0,0.0
2026-06-05T12:00,121439,TYLOO,Lynn Vision,0.5825930002908829,0.4487299696553807,0.5578961433778915,v1-backfill,1.0,0.0
2026-06-05T14:30,121440,Liquid,FlyQuest,0.5198095581326884,0.4677044426158072,0.5043248803410586,v1-backfill,0.0,0.0
2026-06-05T17:10,121441,NRG,BIG,0.405263680819534,0.4362744367780067,0.4073668912474055,v1-backfill,0.0,1.0
2026-06-07T14:45,121462,FlyQuest,paiN,0.4682753710619157,0.4553333934845427,0.4606985944945181,v1-backfill,0.0,0.0
2026-06-07T15:20,121463,B8,GamerLegion,0.5147920947678644,0.4692093766830507,0.500068776753505,v1-backfill,1.0,1.0
2026-06-07T17:00,121464,Spirit,9z,0.8834018966623989,0.3285831445757695,0.8410236872622998,v1-backfill,1.0,0.0
2026-06-07T18:50,121465,G2,FUT,0.534281026955397,0.4633594817936115,0.5166167659568416,v1-backfill,0.0,1.0
2026-06-08T12:00,121466,MIBR,B8,0.3819263936695924,0.4290540454607015,0.3875262504576324,v1-backfill,0.0,1.0
2026-06-08T12:00,121467,Astralis,paiN,0.6390184517614222,0.431117936984361,0.6068292588914254,v1-backfill,0.0,0.0
2026-06-08T14:30,121469,Monte,BetBoom,0.3712857864014293,0.4257177809194568,0.3784518646710887,v1-backfill,0.0,1.0
2026-06-08T15:00,121468,TYLOO,9z,0.51919162974836,0.467889810968068,0.5038005733728297,v1-backfill,0.0,0.0
2026-06-08T17:15,121471,M80,Legacy,0.305096302512884,0.404076923354223,0.3214129181682703,v1-backfill,0.0,0.0
2026-06-08T17:25,121470,G2,BIG,0.7569649565726901,0.3900193928635878,0.713553911527373,v1-backfill,1.0,0.0
2026-06-09T12:00,121472,Monte,paiN,0.5227102867497196,0.4668341393749995,0.506786691593364,v1-backfill,1.0,0.0
2026-06-09T14:30,121473,TYLOO,Legacy,0.3146029096876868,0.407300984205845,0.3296831966444165,v1-backfill,0.0,0.0
2026-06-09T17:00,121474,BIG,B8,0.3498392885109603,0.4188907344888937,0.3600944868309132,v1-backfill,0.0,1.0
2026-06-11T09:00,121921,The MongolZ,BetBoom,0.5548681459410739,0.4571563912545309,0.5341545124066501,v1-backfill,0.0,1.0
2026-06-11T09:00,121922,PARIVISION,9z,0.5503761358206012,0.4585129003706044,0.5303219900262114,v1-backfill,0.0,1.0
2026-06-11T12:10,121920,Vitality,FUT,0.84780483765925,0.3493053916646544,0.8030207176624103,v1-backfill,1.0,1.0
2026-06-11T12:10,121924,MOUZ,Legacy,0.5830645544762666,0.448585673652076,0.5583013976482585,v1-backfill,1.0,0.0
2026-06-11T14:10,121917,FURIA,B8,0.6695175686151894,0.4211961013643551,0.6337402157236858,v1-backfill,1.0,0.0
2026-06-11T15:05,121919,Falcons,G2,0.6465526357955361,0.4286990564540169,0.6134422833136074,v1-backfill,1.0,1.0
2026-06-11T16:30,121923,Aurora,Monte,0.669940524899171,0.4210558963198798,0.6341161806814073,v1-backfill,1.0,0.0
2026-06-11T18:45,121918,Natus Vincere,Spirit,0.3780225690614562,0.4278335861165265,0.3841993446355666,v1-backfill,0.0,0.0
2026-06-12T09:00,121925,The MongolZ,B8,0.6386000998554093,0.4312516920244276,0.6064626796050174,v1-backfill,1.0,0.0
2026-06-12T09:00,121926,FURIA,MOUZ,0.4828422428023188,0.4596938092749472,0.4730159241260223,v1-backfill,1.0,1.0
2026-06-12T11:30,121927,PARIVISION,Monte,0.5470236460018834,0.4595240672626651,0.5274639383518887,v1-backfill,0.0,1.0
2026-06-12T12:10,121928,FUT,G2,0.5178422769992472,0.4682945648974521,0.5026558025380661,v1-backfill,0.0,0.0
2026-06-12T14:45,121930,Natus Vincere,Legacy,0.6768816759839672,0.4187435579313497,0.640297890262527,v1-backfill,1.0,0.0
2026-06-12T15:10,121929,Falcons,BetBoom,0.6822736531127918,0.4169318568214861,0.6451156108962403,v1-backfill,0.0,0.0
2026-06-12T16:45,121931,Vitality,9z,0.910839922613305,0.3090642103730278,0.8720378440257022,v1-backfill,0.0,1.0
2026-06-12T17:25,121932,Aurora,Spirit,0.2355272867435743,0.3787058350510329,0.2597254211637218,v1-backfill,0.0,1.0
2026-06-13T09:00,121934,Natus Vincere,The MongolZ,0.6647660025305863,0.4227658894321256,0.6295220583978809,v1-backfill,1.0,1.0
2026-06-13T09:00,121933,B8,FUT,0.3725857233303766,0.4261270351776661,0.3795615484131628,v1-backfill,0.0,1.0
2026-06-13T12:15,121935,Falcons,Monte,0.7683561775553459,0.385525092081812,0.7243284747756625,v1-backfill,1.0,1.0
2026-06-13T12:20,121936,Aurora,G2,0.5032191036679707,0.465790577304137,0.4902610932449442,v1-backfill,1.0,0.0
2026-06-13T14:35,121938,Vitality,MOUZ,0.769340630932798,0.385130477190273,0.7252646190190392,v1-backfill,1.0,1.0
2026-06-13T15:45,121937,PARIVISION,Legacy,0.395888011357141,0.4333881608800607,0.3994049863005641,v1-backfill,0.0,0.0
2026-06-13T17:45,121940,BetBoom,FURIA,0.4499776369333572,0.4498421128548847,0.445229041599685,v1-backfill,0.0,0.0
2026-06-13T19:00,121939,Spirit,9z,0.8632105875008881,0.3408273911735882,0.8192033862472855,v1-backfill,1.0,1.0
2026-06-14T12:00,121942,The MongolZ,Monte,0.6801534409770189,0.4176459073605549,0.643219533627601,v1-backfill,1.0,1.0
2026-06-14T12:00,121941,MOUZ,FUT,0.6134875398914227,0.4391841697942213,0.584569116322535,v1-backfill,0.0,1.0
2026-06-14T15:15,121944,BetBoom,Vitality,0.1898866940644631,0.3595603487782278,0.2177162078431843,v1-backfill,0.0,0.0
2026-06-14T15:20,121943,Aurora,9z,0.6730562187404476,0.4200206436311737,0.6368882248948783,v1-backfill,1.0,0.0
2026-06-14T17:00,121945,G2,Legacy,0.5442177102758446,0.4603696480485448,0.5250732478465999,v1-backfill,1.0,0.0
2026-06-14T17:40,121946,Natus Vincere,Falcons,0.572873197532695,0.4516962437380131,0.5495543470714703,v1-backfill,0.0,1.0
2026-06-15T12:00,121947,9z,The MongolZ,0.3763040869673096,0.4272950540269927,0.3827339966737004,v1-backfill,1.0,0.0
2026-06-15T14:30,121948,BetBoom,FUT,0.4859677782964775,0.4606288360621857,0.4756596537452749,v1-backfill,1.0,0.0
2026-06-15T17:00,121949,Natus Vincere,G2,0.6305788942972118,0.4338054410854091,0.5994463495324395,v1-backfill,0.0,1.0
2026-06-18T13:45,121623,Aurora,BetBoom,0.5850468736554114,0.4479786651724852,0.5600055869347027,v1-backfill,1.0,0.0
2026-06-18T17:00,121624,FURIA,9z,0.701982795961303,0.4101831853768111,0.6628505830960503,v1-backfill,1.0,1.0
2026-06-19T13:45,121625,Spirit,G2,0.7497551568508953,0.3927996052485169,0.7067870604367557,v1-backfill,1.0,1.0
2026-06-19T19:25,121626,Vitality,Falcons,0.7433348213506497,0.395236490846982,0.7007937722603966,v1-backfill,0.0,1.0
2026-06-20T13:45,121628,FURIA,Aurora,0.517009744551387,0.4685442741448782,0.5019495909053224,v1-backfill,1.0,0.0
2026-06-20T17:00,121627,Falcons,Spirit,0.3597665818260106,0.4220692639216959,0.3686040874289009,v1-backfill,1.0,1.0
2026-07-03T05:30,123137,EYEBALLERS,TYLOO,0.3977973326669989,0.4339774170258976,0.4010272992905626,v1-backfill,0.0,0.0
2026-07-03T06:45,123136,Luminosity,Ninjas in Pyjamas,0.4170565346033661,0.4398810630814848,0.4173674105886626,v1-backfill,0.0,1.0
2026-07-03T13:00,123142,FaZe,SINNERS,0.6346757639119845,0.4325036252230706,0.6030271010024181,v1-backfill,1.0,0.0
2026-07-03T16:20,123143,BetBoom,Nemesis,0.8290736316470149,0.3588259784356503,0.7838106032998083,v1-backfill,1.0,1.0
2026-07-04T05:20,123144,B8,Lynn Vision,0.6651999383529273,0.4226229269966746,0.6299068659335954,v1-backfill,1.0,0.0
2026-07-04T06:00,123145,PARIVISION,MIBR,0.5704207467451441,0.4524424237640935,0.5474528941975432,v1-backfill,1.0,1.0
2026-07-04T09:05,123146,BIG,Ninjas in Pyjamas,0.4840130268751739,0.4600440681166435,0.4740061827575639,v1-backfill,1.0,1.0
2026-07-04T10:40,123147,Alliance,9z,0.2512799789813349,0.3847795803631628,0.2739043096132251,v1-backfill,1.0,0.0
2026-07-04T13:20,123148,FaZe,3DMAX,0.5943891942107951,0.4451083455695467,0.568050231890927,v1-backfill,1.0,0.0
2026-07-04T15:00,123149,EYEBALLERS,Nemesis,0.5413789741428173,0.4612244850302013,0.5226558750176109,v1-backfill,0.0,1.0
2026-07-05T06:15,123151,MIBR,9z,0.408782635501369,0.4373532559602727,0.4103525305639801,v1-backfill,0.0,0.0
2026-07-05T10:00,123150,B8,BIG,0.6194503273343457,0.4373167138432645,0.5897486824456273,v1-backfill,0.0,0.0
2026-07-05T13:15,123152,EYEBALLERS,FaZe,0.3574797226939196,0.4213399937512037,0.3666457709612349,v1-backfill,0.0,1.0
2026-07-09T08:00,123153,TYLOO,9z,0.4524047136807035,0.4505718317921958,0.4472811960733963,v1-backfill,0.0,1.0
2026-07-09T12:30,123154,Alliance,Nemesis,0.5275491531584084,0.465381737970383,0.5108955603298776,v1-backfill,1.0,1.0
2026-07-10T08:00,123155,PARIVISION,BIG,0.5969711344426254,0.4443120993591134,0.5702775017588207,v1-backfill,1.0,1.0
2026-07-10T13:00,123156,FaZe,BetBoom,0.3346938510372784,0.4139726769380437,0.3470657823004103,v1-backfill,1.0,0.0
2026-07-11T08:00,123157,9z,Alliance,0.7226119256241811,0.4028761586026192,0.6816445295343929,v1-backfill,1.0,1.0
2026-07-11T12:50,123158,PARIVISION,FaZe,0.5030605507804655,0.4657431102568473,0.4901268046145633,v1-backfill,1.0,1.0
2026-07-15T10:00,124205,Ninjas in Pyjamas,K27,0.6450535062381089,0.4291819091526669,0.6121247233465061,v1-backfill,1.0,0.0
2026-07-15T12:00,124206,3DMAX,HEROIC,0.478933107363689,0.4585241891054825,0.4697099121151611,v1-backfill,0.0,1.0
2026-07-15T15:30,124207,Wildcard,Gentle Mates,0.406016994588533,0.4365055796721321,0.4080061526418816,v1-backfill,0.0,0.0
2026-07-15T17:45,124208,paiN,Phantom,0.6190102653970558,0.4374548527948162,0.5893660402924944,v1-backfill,0.0,1.0
2026-07-16T10:00,124209,Wildcard,K27,0.5687041004831888,0.4529642281924027,0.5459826943748576,v1-backfill,0.0,0.0
2026-07-16T12:15,124210,paiN,3DMAX,0.6032019354675707,0.4423848390080497,0.5756598500712282,v1-backfill,0.0,0.0
2026-07-16T14:35,124211,Gentle Mates,Ninjas in Pyjamas,0.5465304156762072,0.4596727512840451,0.5270436083269593,v1-backfill,0.0,0.0
2026-07-16T16:30,124212,Phantom,HEROIC,0.4791987229789629,0.4586036702612625,0.4699345306926368,v1-backfill,0.0,1.0
2026-07-17T10:00,124213,Gentle Mates,3DMAX,0.5530437229447824,0.4577075735595318,0.5325975135860251,v1-backfill,0.0,0.0
2026-07-17T12:00,124214,Phantom,K27,0.6009121288883894,0.4430940725021827,0.5736806023760861,v1-backfill,0.0,0.0
2026-07-17T14:15,124215,HEROIC,Ninjas in Pyjamas,0.4788908087606057,0.4585115318028729,0.4696741423886252,v1-backfill,1.0,1.0
2026-07-17T17:25,124216,3DMAX,K27,0.6208187326801271,0.4368868278048445,0.590938933903263,v1-backfill,0.0,0.0
2026-07-18T12:00,124217,Ninjas in Pyjamas,K27,0.610089206970783,0.4402444478747309,0.5816220620073848,v1-backfill,0.0,1.0
2026-07-21T10:00,124968,M80,Ninjas in Pyjamas,0.5062211395613423,0.4666894803531723,0.4928040877596732,v1-backfill,0.0,0.0
2026-07-21T12:15,124969,Nemesis,Astralis,0.2998996552074661,0.4022943449087752,0.3168785569563732,v1-backfill,0.0,1.0
2026-07-21T15:35,124970,Nuclear TigeRES,MOUZ,0.1666291362199516,0.3486259437921516,0.1956501119837257,v1-backfill,0.0,0.0
2026-07-21T18:00,124971,Alliance,Wildcard,0.6033083606834113,0.4423518472697701,0.5757518769991341,v1-backfill,0.0,0.0
2026-07-22T10:00,124972,EYEBALLERS,FaZe,0.3305174623418897,0.4126004953647345,0.3434622977888368,v1-backfill,0.0,0.0
2026-07-22T12:18,124973,Nemiga,G2,0.2317169326857103,0.3772008982271695,0.2562735934561617,v1-backfill,0.0,1.0
2026-07-22T15:30,124974,HOTU,GamerLegion,0.4833834242545353,0.4598557142332493,0.4734736530023046,v1-backfill,1.0,0.0
2026-07-22T17:35,124975,Falcons,100 Thieves,0.8737571007130022,0.3346129526380334,0.8305074602161562,v1-backfill,0.0,1.0
2026-07-23T10:00,124976,Aurora,FOKUS,0.8422374936261461,0.3522174736725911,0.7972606289495726,v1-backfill,0.0,1.0
2026-07-23T13:00,124977,SINNERS,FUT,0.1990741437460763,0.3636329003713688,0.2262989110454756,v1-backfill,0.0,1.0
2026-07-23T15:50,124978,Gentle Mates,paiN,0.4989231362936832,0.4645047233116142,0.486623227763468,v1-backfill,0.0,0.0
2026-07-23T18:05,124979,Spirit,OG,0.93644338660709,0.2860494757349251,0.9028573632400732,v1-backfill,1.0,1.0
2026-07-24T09:00,124980,magic,3DMAX,0.5897861418783193,0.4465246207144961,0.5640838022897687,v1,0.0,1.0
2026-07-24T11:30,124981,HEROIC,The MongolZ,0.3227892615214229,0.4100415110536917,0.3367808521464112,v1,0.0,1.0
2026-07-24T14:00,124982,Liquid,Vitality,0.0671141493470198,0.2824116136780232,0.0928135652238826,v1,1.0,0.0
2026-07-25T14:45,124986,HOTU,Astralis,0.5079530291046397,0.4672082177583206,0.4942714929865843,v1,0.0,1.0
2026-07-25T17:30,124987,FOKUS,MOUZ,0.1891760430961588,0.3592399830378164,0.2170493569026426,v1,0.0,0.0
2026-07-26T10:00,124988,Ninjas in Pyjamas,paiN,0.5273356347779061,0.4654458447576833,0.5107141935805601,v1,0.0,0.0
2026-07-26T12:30,124989,3DMAX,FUT,0.2764289645614412,0.3940442323397108,0.2962668272548158,v1,1.0,0.0
2026-07-26T15:00,124990,Wildcard,The MongolZ,0.1989670444403644,0.3635861410986179,0.2261992626436226,v1,0.0,0.0
2026-07-26T16:45,124991,100 Thieves,Spirit,0.1392661676774161,,0.134878879759901,v2-mov,0.0,
2026-07-30T13:00,124996,Liquid,Spirit,0.14323747665189845,,0.13870876636473484,v2-mov,,
2026-07-30T16:00,124995,3DMAX,MOUZ,0.204978798327993,,0.19830829138090078,v2-mov,,
2026-07-31T12:30,124994,FaZe,The MongolZ,0.43145223955110074,,0.4188649344624397,v2-mov,,
2026-07-31T15:30,124993,paiN,Astralis,0.42346818002280445,,0.4110190900039537,v2-mov,,
