date,game_id,season,week,away,home,pick,pick_team,pick_side,pick_line,pick_claim,pick_prob,pick_push,book_line,book_count,book_total,model_spread,home_win_prob,model_total,pick_rule,cal,final_margin,pick_result
2026-09-09,2026_01_NE_SEA,2026,1,NE,SEA,SEA -3,SEA,home,-3.0,covers,0.5226,0.0921,-3.0,7.0,9.0,-3.5,0.6257,41.65,market,True,3.0,push
2026-09-10,2026_01_SF_LA,2026,1,SF,LAR,LAR -3.5,LAR,home,-3.5,covers,0.5263,0.0,-3.5,8.0,9.0,-4.5,0.6625,53.21,market,True,-20.0,loss
2026-09-13,2026_01_ARI_LAC,2026,1,ARI,LAC,ARI +9.5,ARI,away,9.5,covers,0.7045,0.0,-9.5,5.0,9.0,-3.5,0.6141,45.05,market,True,-12.0,win
2026-09-13,2026_01_ATL_PIT,2026,1,ATL,PIT,PIT -2.5,PIT,home,-2.5,covers,0.5229,0.0,-2.5,4.0,5.0,-2.5,0.5823,40.74,market,True,7.0,win
2026-09-13,2026_01_BAL_IND,2026,1,BAL,IND,IND +10.5,IND,home,10.5,covers,0.7766,0.0,10.5,2.0,5.0,3.5,0.3708,46.51,market,True,-18.0,loss
2026-09-13,2026_01_BUF_HOU,2026,1,BUF,HOU,BUF -1.5,BUF,away,-1.5,covers,0.5741,0.0,1.5,4.0,6.0,2.5,0.3926,42.35,market,True,-5.0,win
2026-09-13,2026_01_CHI_CAR,2026,1,CHI,CAR,CAR +13.5,CAR,home,13.5,covers,0.7802,0.0,13.5,4.0,5.0,3.5,0.3349,45.49,market,True,-22.0,loss
2026-09-13,2026_01_CLE_JAX,2026,1,CLE,JAX,CLE +22.5,CLE,away,22.5,covers,0.8522,0.0,-22.5,2.0,6.0,-6.5,0.7738,39.37,market,True,24.0,loss
2026-09-13,2026_01_DAL_NYG,2026,1,DAL,NYG,NYG +3,NYG,home,3.0,covers,0.5511,0.1043,3.0,9.0,9.0,2.5,0.4236,49.53,market,True,8.0,win
2026-09-13,2026_01_GB_MIN,2026,1,GB,MIN,GB +2,GB,away,2.0,covers,0.684,0.0212,-2.0,4.0,9.0,3.5,0.3515,47.06,market,True,17.0,loss
2026-09-13,2026_01_MIA_LV,2026,1,MIA,LV,MIA +3,MIA,away,3.0,covers,0.6954,0.0706,-3.0,9.0,9.0,2.5,0.4008,47.61,market,True,14.0,loss
2026-09-13,2026_01_NO_DET,2026,1,NO,DET,NO +10.5,NO,away,10.5,covers,0.693,0.0,-10.5,3.0,6.0,-4.5,0.672,48.76,market,True,1.0,win
2026-09-13,2026_01_NYJ_TEN,2026,1,NYJ,TEN,TEN +3.5,TEN,home,3.5,covers,0.7237,0.0,3.5,4.0,6.0,-2.5,0.5827,41.67,market,True,-13.0,loss
2026-09-13,2026_01_TB_CIN,2026,1,TB,CIN,TB +13.5,TB,away,13.5,covers,0.8463,0.0,-13.5,4.0,5.0,-1.5,0.5328,48.34,market,True,6.0,win
2026-09-13,2026_01_WAS_PHI,2026,1,WAS,PHI,WAS +6,WAS,away,6.0,covers,0.5204,0.0406,-6.0,7.0,9.0,-5.5,0.6904,44.94,market,True,2.0,win
2026-09-14,2026_01_DEN_KC,2026,1,DEN,KC,DEN +2,DEN,away,2.0,covers,0.6592,0.0245,-2.0,6.0,9.0,2.5,0.3813,42.19,market,True,21.0,loss
2026-09-17,2026_02_DET_BUF,2026,2,DET,BUF,DET +5.5,DET,away,5.5,covers,0.567,0.0,-5.5,8.0,8.0,-3.5,0.6222,50.54,market,True,10.0,loss
2026-09-20,2026_02_CAR_ATL,2026,2,CAR,ATL,ATL +9.5,ATL,home,9.5,covers,0.8162,0.0,9.5,3.0,6.0,1.5,0.4491,42.0,market,True,-31.0,loss
2026-09-20,2026_02_CIN_HOU,2026,2,CIN,HOU,CIN +4.5,CIN,away,4.5,covers,0.5704,0.0,-4.5,3.0,5.0,-2.5,0.5776,43.44,market,True,-14.0,win
2026-09-20,2026_02_CLE_TB,2026,2,CLE,TB,CLE +6.5,CLE,away,6.5,covers,0.5489,0.0,-6.5,4.0,5.0,-5.5,0.6893,38.78,market,True,-4.0,win
2026-09-20,2026_02_GB_NYJ,2026,2,GB,NYJ,GB -3.5,GB,away,-3.5,covers,0.641,0.0,3.5,3.0,6.0,7.5,0.2129,46.15,market,True,-3.0,loss
2026-09-20,2026_02_IND_KC,2026,2,IND,KC,IND +6,IND,away,6.0,covers,0.6223,0.0396,-6.0,6.0,8.0,-2.5,0.5982,43.31,market,True,3.0,win
2026-09-20,2026_02_JAX_DEN,2026,2,JAX,DEN,JAX +2.5,JAX,away,2.5,covers,0.6403,0.0,-2.5,8.0,9.0,2.5,0.405,44.4,market,True,7.0,loss
2026-09-20,2026_02_LV_LAC,2026,2,LV,LAC,LV +6.5,LV,away,6.5,covers,0.5606,0.0,-6.5,6.0,9.0,-4.5,0.6468,41.69,market,True,-12.0,win
2026-09-20,2026_02_MIA_SF,2026,2,MIA,SF,MIA +13.5,MIA,away,13.5,covers,0.6344,0.0,-13.5,5.0,9.0,-7.5,0.7446,47.89,market,True,22.0,loss
2026-09-20,2026_02_MIN_CHI,2026,2,MIN,CHI,CHI -2.5,CHI,home,-2.5,covers,0.5303,0.0,-2.5,4.0,5.0,-2.5,0.5888,42.94,market,True,-6.0,loss
2026-09-20,2026_02_NO_BAL,2026,2,NO,BAL,NO +7.5,NO,away,7.5,covers,0.5907,0.0,-7.5,3.0,6.0,-5.5,0.6815,44.32,market,True,-7.0,win
2026-09-20,2026_02_PHI_TEN,2026,2,PHI,TEN,TEN +9.5,TEN,home,9.5,covers,0.5394,0.0,9.5,4.0,5.0,7.5,0.2218,41.58,market,True,-4.0,win
2026-09-20,2026_02_PIT_NE,2026,2,PIT,NE,PIT +13.5,PIT,away,13.5,covers,0.715,0.0,-13.5,3.0,6.0,-4.5,0.6638,40.1,market,True,17.0,loss
2026-09-20,2026_02_SEA_ARI,2026,2,SEA,ARI,SEA -4,SEA,away,-4.0,covers,0.5256,0.0278,4.0,7.0,9.0,4.5,0.3247,41.76,market,True,-24.0,win
2026-09-20,2026_02_WAS_DAL,2026,2,WAS,DAL,WAS +4,WAS,away,4.0,covers,0.581,0.0296,-4.0,6.0,9.0,-2.5,0.5878,51.89,market,True,17.0,loss
2026-09-21,2026_02_NYG_LA,2026,2,NYG,LAR,NYG +7,NYG,away,7.0,covers,0.5669,0.0529,-7.0,5.0,8.0,-5.5,0.6864,53.34,market,True,22.0,loss
2026-09-24,2026_03_ATL_GB,2026,3,ATL,GB,GB -4.5,GB,home,-4.5,wins outright,0.6847,0.0,,0.0,0.0,-4.5,0.6847,45.51,median,True,-21.0,loss
2026-09-27,2026_03_ARI_SF,2026,3,ARI,SF,SF -6.5,SF,home,-6.5,wins outright,0.7303,0.0,,0.0,0.0,-6.5,0.7303,48.42,median,True,6.0,win
2026-09-27,2026_03_BAL_DAL,2026,3,BAL,DAL,BAL -1.5,BAL,away,-1.5,wins outright,0.5377,0.0,,0.0,0.0,1.5,0.4623,52.04,median,True,-3.0,win
2026-09-27,2026_03_CAR_CLE,2026,3,CAR,CLE,CAR -2.5,CAR,away,-2.5,wins outright,0.5646,0.0,,0.0,0.0,2.5,0.4354,40.81,median,True,3.0,loss
2026-09-27,2026_03_CIN_PIT,2026,3,CIN,PIT,CIN -2.5,CIN,away,-2.5,wins outright,0.5811,0.0,,0.0,0.0,2.5,0.4189,41.07,median,True,3.0,loss
2026-09-27,2026_03_HOU_IND,2026,3,HOU,IND,HOU -1.5,HOU,away,-1.5,wins outright,0.5386,0.0,,0.0,0.0,1.5,0.4614,41.18,median,True,2.0,loss
2026-09-27,2026_03_KC_MIA,2026,3,KC,MIA,KC -3.5,KC,away,-3.5,wins outright,0.6493,0.0,,0.0,0.0,3.5,0.3507,45.97,median,True,-14.0,win
2026-09-27,2026_03_LAC_BUF,2026,3,LAC,BUF,BUF -8.5,BUF,home,-8.5,wins outright,0.803,0.0,,0.0,0.0,-8.5,0.803,46.95,median,True,8.0,win
2026-09-27,2026_03_LA_DEN,2026,3,LAR,DEN,LAR -2.5,LAR,away,-2.5,wins outright,0.5827,0.0,,0.0,0.0,2.5,0.4173,45.42,median,True,4.0,loss
2026-09-27,2026_03_LV_NO,2026,3,LV,NO,NO -3.5,NO,home,-3.5,wins outright,0.6445,0.0,,0.0,0.0,-3.5,0.6445,44.73,median,True,-8.0,loss
2026-09-27,2026_03_MIN_TB,2026,3,MIN,TB,MIN -2.5,MIN,away,-2.5,wins outright,0.5775,0.0,,0.0,0.0,2.5,0.4225,39.31,median,True,-7.0,win
2026-09-27,2026_03_NE_JAX,2026,3,NE,JAX,JAX -2.5,JAX,home,-2.5,wins outright,0.5553,0.0,,0.0,0.0,-2.5,0.5553,44.08,median,True,29.0,win
2026-09-27,2026_03_NYJ_DET,2026,3,NYJ,DET,DET -9.5,DET,home,-9.5,wins outright,0.8093,0.0,,0.0,0.0,-9.5,0.8093,51.25,median,True,7.0,win
2026-09-27,2026_03_SEA_WAS,2026,3,SEA,WAS,SEA -7.5,SEA,away,-7.5,wins outright,0.7638,0.0,,0.0,0.0,7.5,0.2362,45.54,median,True,2.0,loss
2026-09-27,2026_03_TEN_NYG,2026,3,TEN,NYG,NYG -2.5,NYG,home,-2.5,wins outright,0.5676,0.0,,0.0,0.0,-2.5,0.5676,43.46,median,True,5.0,win
2026-09-28,2026_03_PHI_CHI,2026,3,PHI,CHI,PHI -3.5,PHI,away,-3.5,wins outright,0.6434,0.0,,0.0,0.0,3.5,0.3566,43.94,median,True,20.0,loss
2026-10-01,2026_04_PIT_CLE,2026,4,PIT,CLE,CLE +2.5,CLE,home,2.5,covers,0.5284,0.0,2.5,6.0,9.0,1.5,0.4707,36.8,market,True,3.0,win
2026-10-04,2026_04_ARI_NYG,2026,4,ARI,NYG,ARI -2.5,ARI,away,-2.5,covers,0.5138,0.0,2.5,8.0,9.0,2.5,0.4214,45.29,market,True,,
2026-10-04,2026_04_DAL_HOU,2026,4,DAL,HOU,DAL +3,DAL,away,3.0,covers,0.5784,0.0692,-3.0,9.0,9.0,-0.5,0.5055,46.19,market,True,,
2026-10-04,2026_04_DEN_SF,2026,4,DEN,SF,SF -2.5,SF,home,-2.5,covers,0.5818,0.0,-2.5,6.0,9.0,-3.5,0.6432,48.81,market,True,,
2026-10-04,2026_04_DET_CAR,2026,4,DET,CAR,CAR +3.5,CAR,home,3.5,covers,0.5006,0.0,3.5,7.0,9.0,3.5,0.3407,49.35,market,True,,
2026-10-04,2026_04_GB_TB,2026,4,GB,TB,GB -3,GB,away,-3.0,covers,0.5896,0.0945,3.0,8.0,9.0,4.5,0.3117,46.14,market,True,,
2026-10-04,2026_04_IND_WAS,2026,4,IND,WAS,WAS +4.5,WAS,home,4.5,covers,0.6572,0.0,4.5,6.0,9.0,0.5,0.4917,47.74,market,True,,
2026-10-04,2026_04_JAX_CIN,2026,4,JAX,CIN,JAX +2.5,JAX,away,2.5,covers,0.6213,0.0,-2.5,7.0,9.0,2.5,0.4309,49.17,market,True,,
2026-10-04,2026_04_KC_LV,2026,4,KC,LV,LV +4.5,LV,home,4.5,covers,0.5109,0.0,4.5,9.0,9.0,4.5,0.3379,46.04,market,True,,
2026-10-04,2026_04_LAC_SEA,2026,4,LAC,SEA,LAC +7,LAC,away,7.0,covers,0.5253,0.0548,-7.0,8.0,9.0,-6.5,0.7307,39.4,market,True,,
2026-10-04,2026_04_LA_PHI,2026,4,LAR,PHI,PHI +3.5,PHI,home,3.5,covers,0.5601,0.0,3.5,9.0,9.0,2.5,0.4108,44.6,market,True,,
2026-10-04,2026_04_MIA_MIN,2026,4,MIA,MIN,MIA +10,MIA,away,10.0,covers,0.5954,0.0315,-10.0,7.0,9.0,-6.5,0.7028,43.41,market,True,,
2026-10-04,2026_04_NE_BUF,2026,4,NE,BUF,NE +7,NE,away,7.0,covers,0.5861,0.0577,-7.0,8.0,9.0,-5.5,0.7012,45.6,market,True,,
2026-10-04,2026_04_NYJ_CHI,2026,4,NYJ,CHI,CHI -3.5,CHI,home,-3.5,covers,0.5365,0.0,-3.5,9.0,9.0,-5.5,0.6337,44.74,market,True,,
2026-10-04,2026_04_TEN_BAL,2026,4,TEN,BAL,TEN +11.5,TEN,away,11.5,covers,0.512,0.0,-11.5,7.0,9.0,-10.5,0.828,45.93,market,True,,
2026-10-05,2026_04_ATL_NO,2026,4,ATL,NO,NO -2,NO,home,-2.0,covers,0.5052,0.0251,-2.0,3.0,9.0,-2.5,0.5416,46.15,market,True,,
2026-10-08,2026_05_TB_DAL,2026,5,TB,DAL,TB +9.5,TB,away,9.5,covers,0.6192,0.0,-9.5,7.0,7.0,-6.5,0.7609,50.14,market,False,,
2026-10-11,2026_05_BAL_ATL,2026,5,BAL,ATL,ATL +6,ATL,home,6.0,covers,0.5466,0.0421,6.0,4.0,7.0,4.5,0.3224,46.45,market,False,,
2026-10-11,2026_05_CHI_GB,2026,5,CHI,GB,GB -2,GB,home,-2.0,covers,0.5653,0.0316,-2.0,4.0,7.0,-2.5,0.6096,45.75,market,False,,
2026-10-11,2026_05_CIN_MIA,2026,5,CIN,MIA,MIA +8.5,MIA,home,8.5,covers,0.679,0.0,8.5,3.0,7.0,3.5,0.3614,48.36,market,False,,
2026-10-11,2026_05_CLE_NYJ,2026,5,CLE,NYJ,CLE -2.5,CLE,away,-2.5,wins outright,0.5523,0.0,,0.0,0.0,2.5,0.4477,42.0,median,False,,
2026-10-11,2026_05_DEN_LAC,2026,5,DEN,LAC,DEN -2,DEN,away,-2.0,covers,0.5638,0.0305,2.0,4.0,7.0,3.5,0.3935,41.82,market,False,,
2026-10-11,2026_05_DET_ARI,2026,5,DET,ARI,ARI +5.5,ARI,home,5.5,covers,0.5525,0.0,5.5,5.0,7.0,3.5,0.3319,50.52,market,False,,
2026-10-11,2026_05_HOU_TEN,2026,5,HOU,TEN,TEN +6.5,TEN,home,6.5,covers,0.5256,0.0,6.5,7.0,7.0,5.5,0.2917,37.87,market,False,,
2026-10-11,2026_05_IND_PIT,2026,5,IND,PIT,PIT -2.5,PIT,home,-2.5,wins outright,0.5466,0.0,,0.0,0.0,-2.5,0.5466,43.38,median,False,,
2026-10-11,2026_05_LV_NE,2026,5,LV,NE,NE -3.5,NE,home,-3.5,covers,0.529,0.0,-3.5,7.0,7.0,-4.5,0.6406,40.32,market,False,,
2026-10-11,2026_05_MIN_NO,2026,5,MIN,NO,MIN -1.5,MIN,away,-1.5,covers,0.5031,0.0,1.5,4.0,7.0,1.5,0.471,41.52,market,False,,
2026-10-11,2026_05_NYG_WAS,2026,5,NYG,WAS,WAS -2.5,WAS,home,-2.5,covers,0.5544,0.0,-2.5,5.0,7.0,-3.5,0.6111,45.81,market,False,,
2026-10-11,2026_05_PHI_JAX,2026,5,PHI,JAX,JAX -3,JAX,home,-3.0,covers,0.5507,0.0845,-3.0,5.0,7.0,-3.5,0.6419,45.01,market,False,,
2026-10-11,2026_05_SF_SEA,2026,5,SF,SEA,SF +3.5,SF,away,3.5,covers,0.6189,0.0,-3.5,4.0,7.0,0.5,0.4959,47.7,market,False,,
