date,game_id,home,away,p_home,p_home_elo,model,result
20260508,401856890,NY,CON,0.6491876095373725,0.6822832092869449,v1.1-backfill,1.0
20260508,401856891,TOR,WSH,0.5300035848824762,0.5112700299046103,v1.1-backfill,0.0
20260508,401856892,SEA,GS,0.4596438124046924,0.6129773119469529,v1.1-backfill,0.0
20260509,401856893,IND,DAL,0.6040948151946027,0.7032741054963674,v1.1-backfill,0.0
20260509,401856894,LV,PHX,0.6248194567154803,0.6588871061095236,v1.1-backfill,0.0
20260509,401856895,POR,CHI,0.4683930910435243,0.5489784514104497,v1.1-backfill,0.0
20260509,401856899,MIN,ATL,0.489102738279545,0.6209887334299563,v1.1-backfill,0.0
20260510,401856896,CON,SEA,0.5045411176806391,0.5287128890978666,v1.1-backfill,0.0
20260510,401856897,WSH,NY,0.329074732584611,0.4812907002064288,v1.1-backfill,0.0
20260510,401856898,LA,LV,0.446623194322898,0.4754260607171373,v1.1-backfill,0.0
20260510,401856900,GS,PHX,0.51660231059469,0.5313287901722843,v1.1-backfill,1.0
20260512,401856901,DAL,ATL,0.4520190133703327,0.4350329705424756,v1.1-backfill,0.0
20260512,401856902,PHX,MIN,0.6648708330067545,0.5481063700862452,v1.1-backfill,0.0
20260512,401856903,POR,NY,0.2494256080754185,0.3735181584513355,v1.1-backfill,1.0
20260513,401856904,TOR,SEA,0.5166838774489068,0.4326529547478278,v1.1-backfill,1.0
20260513,401856905,CON,LV,0.2032936956647053,0.4043308310172901,v1.1-backfill,0.0
20260513,401856906,GS,CHI,0.623390694826312,0.6700126611017829,v1.1-backfill,0.0
20260513,401856907,LA,IND,0.5325619063289505,0.5480802299001925,v1.1-backfill,0.0
20260514,401856908,DAL,MIN,0.5115289223411917,0.4047131313771717,v1.1-backfill,0.0
20260514,401856909,POR,NY,0.2769673549321771,0.4008917282166992,v1.1-backfill,0.0
20260515,401856910,CON,LV,0.1410029462474374,0.3865274843847408,v1.1-backfill,0.0
20260515,401856911,IND,WSH,0.7725763951242043,0.6655905892233868,v1.1-backfill,0.0
20260515,401856912,LA,TOR,0.6305256050043138,0.6754137546739809,v1.1-backfill,1.0
20260515,401856913,PHX,CHI,0.6101323224265781,0.6747230215964861,v1.1-backfill,1.0
20260517,401856914,MIN,CHI,0.6645293883094803,0.7408113665910612,v1.1-backfill,0.0
20260517,401856915,ATL,LV,0.4107998946525151,0.5380456472054759,v1.1-backfill,0.0
20260517,401856916,IND,SEA,0.7108608894843036,0.6018041383585472,v1.1-backfill,1.0
20260517,401856917,LA,TOR,0.6972169035998792,0.6883818608444661,v1.1-backfill,0.0
20260518,401856918,DAL,WSH,0.704014373437433,0.5277663433835215,v1.1-backfill,1.0
20260518,401856919,POR,CON,0.5131245288908685,0.5366621417462446,v1.1-backfill,1.0
20260519,401856920,PHX,TOR,0.7284217187650793,0.7275107374406287,v1.1-backfill,0.0
20260520,401856921,IND,POR,0.8122404263292512,0.7218892145912192,v1.1-backfill,1.0
20260520,401856922,CHI,DAL,0.4793691077216634,0.615650262538054,v1.1-backfill,0.0
20260520,401856923,SEA,CON,0.6204108117791135,0.6681380918480677,v1.1-backfill,0.0
20260521,401856924,NY,GS,0.6187455179090717,0.6538572308150584,v1.1-backfill,0.0
20260521,401856925,MIN,TOR,0.6862996340729247,0.7516512714111393,v1.1-backfill,1.0
20260521,401856926,PHX,LA,0.5746692026313318,0.6444314810611849,v1.1-backfill,0.0
20260522,401856927,ATL,DAL,0.614411407639641,0.7149970578265535,v1.1-backfill,1.0
20260522,401856928,IND,GS,0.5814417512329374,0.606251814793118,v1.1-backfill,1.0
20260522,401856929,SEA,CON,0.6297132191055138,0.640307803700682,v1.1-backfill,1.0
20260523,401856930,CHI,MIN,0.4654955654100965,0.4249393308025425,v1.1-backfill,0.0
20260523,401856931,TOR,POR,0.701295101453413,0.6084775206285877,v1.1-backfill,0.0
20260523,401856932,LV,LA,0.77967946483,0.7357036498785614,v1.1-backfill,0.0
20260524,401856933,ATL,PHX,0.6754647139405243,0.6519064713906744,v1.1-backfill,1.0
20260524,401856934,NY,DAL,0.6392728383655024,0.7052160287172262,v1.1-backfill,0.0
20260524,401856935,SEA,WSH,0.6266363372382143,0.6169239790659119,v1.1-backfill,1.0
20260525,401856936,NY,POR,0.7845988796008915,0.7247396869736331,v1.1-backfill,0.0
20260525,401856937,GS,CON,0.7636197148732555,0.6716089205600568,v1.1-backfill,1.0
20260527,401856938,NY,PHX,0.658068006330992,0.605340966639153,v1.1-backfill,1.0
20260527,401856939,CHI,TOR,0.7147254288883574,0.6276559035273829,v1.1-backfill,0.0
20260527,401856940,MIN,ATL,0.4875030193649275,0.6015848234157057,v1.1-backfill,1.0
20260527,401856941,POR,CON,0.6052623368983959,0.5820703340081311,v1.1-backfill,1.0
20260527,401856942,SEA,WSH,0.6195607369398773,0.6334572969474488,v1.1-backfill,0.0
20260528,401856943,DAL,LV,0.3505718608488324,0.3978188302185919,v1.1-backfill,1.0
20260528,401856944,GS,IND,0.4915217003533565,0.554015017374506,v1.1-backfill,1.0
20260529,401856945,NY,PHX,0.6056299076356366,0.6225694418918172,v1.1-backfill,1.0
20260529,401856946,WSH,LA,0.3640134549325632,0.5506158099903237,v1.1-backfill,0.0
20260529,401856947,CHI,MIN,0.3293943071619392,0.3833600931685614,v1.1-backfill,0.0
20260529,401856948,POR,ATL,0.2209031934794858,0.4176540944161604,v1.1-backfill,0.0
20260530,401856949,TOR,SEA,0.577316323777617,0.5002561636416383,v1.1-backfill,1.0
20260530,401856950,CON,LA,0.3002241640761479,0.4735746792221688,v1.1-backfill,1.0
20260530,401856951,POR,IND,0.2557791480785528,0.4534660303233535,v1.1-backfill,1.0
20260531,401856952,GS,LV,0.3277353723868598,0.4919192669706567,v1.1-backfill,0.0
20260601,401856953,DAL,SEA,0.8086032239609046,0.5712621075017363,v1.1-backfill,1.0
20260601,401856954,PHX,MIN,0.3584414447696993,0.4475494299874168,v1.1-backfill,0.0
20260602,401856955,ATL,CON,0.8492694965810662,0.7457446615650722,v1.1-backfill,1.0
20260602,401856956,WSH,CHI,0.2988669328293333,0.6290575886003549,v1.1-backfill,1.0
20260602,401856957,GS,POR,0.7572665628106934,0.6760063981550872,v1.1-backfill,1.0
20260602,401856958,LA,LV,0.324340243230973,0.4538626938614236,v1.1-backfill,0.0
20260603,401856959,NY,TOR,0.7889417208514129,0.7078935538875094,v1.1-backfill,1.0
20260603,401856960,SEA,PHX,0.3662500065610362,0.5705867951288899,v1.1-backfill,0.0
20260604,401856961,IND,ATL,0.477966770978997,0.5122382233416085,v1.1-backfill,1.0
20260604,401856962,MIN,GS,0.7790597664122205,0.6916810035793772,v1.1-backfill,1.0
20260605,401856963,CHI,CON,0.7474457991865949,0.5771045631291664,v1.1-backfill,1.0
20260605,401856964,LA,DAL,0.5327456375390072,0.605387566020729,v1.1-backfill,0.0
20260605,401856965,POR,PHX,0.5913597842419952,0.5047164034703615,v1.1-backfill,0.0
20260606,401856966,MIN,SEA,0.9128448949644647,0.7550789634962244,v1.1-backfill,1.0
20260606,401856967,LV,GS,0.7448460574421136,0.7014212186000977,v1.1-backfill,1.0
20260606,401856968,ATL,WSH,0.8469239879999476,0.7029376591254259,v1.1-backfill,1.0
20260606,401856969,NY,IND,0.522610830752173,0.6001123510441134,v1.1-backfill,1.0
20260607,401856970,TOR,CHI,0.4228621370267573,0.5827002640983702,v1.1-backfill,1.0
20260607,401856971,LA,POR,0.8243207224514331,0.657485822504218,v1.1-backfill,1.0
20260608,401856972,CON,NY,0.160978133351156,0.4214240348828985,v1.1-backfill,0.0
20260608,401856973,WSH,IND,0.2420899727440943,0.5113720258802877,v1.1-backfill,0.0
20260608,401856974,LV,SEA,0.9077878498064176,0.7622826475502437,v1.1-backfill,1.0
20260609,401856975,CHI,ATL,0.2765272128212401,0.3897141174809036,v1.1-backfill,0.0
20260609,401856976,MIN,DAL,0.778557718447892,0.7348834238078926,v1.1-backfill,1.0
20260609,401856977,GS,PHX,0.6253030414716823,0.5905538806506814,v1.1-backfill,1.0
20260610,401856978,TOR,CON,0.6923284861244436,0.6117153737928643,v1.1-backfill,1.0
20260610,401856979,SEA,LA,0.2914439660442074,0.5422553774633683,v1.1-backfill,0.0
20260611,401856980,IND,CHI,0.7434295499687005,0.7214197908322771,v1.1-backfill,1.0
20260611,401856981,ATL,NY,0.6329846549539743,0.617518128334116,v1.1-backfill,0.0
20260611,401856982,DAL,PHX,0.6598271732515387,0.5682829684976193,v1.1-backfill,1.0
20260611,401856983,POR,LV,0.0968230859521621,0.3291344609111988,v1.1-backfill,0.0
20260612,401856984,WSH,TOR,0.4712873744246245,0.6035834999179654,v1.1-backfill,1.0
20260612,401856985,SEA,GS,0.3352967207307215,0.494919726841002,v1.1-backfill,0.0
20260613,401856986,CON,IND,0.2242026115165982,0.4182267524999206,v1.1-backfill,0.0
20260613,401856987,LV,MIN,0.603634892101021,0.5908332499457695,v1.1-backfill,1.0
20260613,401856988,POR,DAL,0.3241067850534846,0.4831364642576295,v1.1-backfill,1.0
20260613,401856989,PHX,LA,0.4582928817893812,0.5742456889131186,v1.1-backfill,0.0
20260614,401856990,NY,WSH,0.8939993061572624,0.7080154458869783,v1.1-backfill,1.0
20260614,401856991,TOR,ATL,0.2261163613337606,0.4102500802328891,v1.1-backfill,0.0
20260615,401856992,DAL,LV,0.3350213148643335,0.3905135109942605,v1.1-backfill,1.0
20260615,401856993,MIN,POR,0.9271110739195,0.7951402425901701,v1.1-backfill,1.0
20260615,401856994,GS,LA,0.5049642207378772,0.6053820975295089,v1.1-backfill,1.0
20260616,401856995,IND,TOR,0.8241593308412533,0.7217148918744108,v1.1-backfill,1.0
20260617,401856996,CON,WSH,0.6107037465372517,0.510386644550309,v1.1-backfill,0.0
20260617,401856997,CHI,NY,0.2164468651223635,0.3784601753922234,v1.1-backfill,0.0
20260617,401856998,GS,DAL,0.4844872997752836,0.6331728996323017,v1.1-backfill,1.0
20260617,401856999,LA,MIN,0.2530587210884161,0.4340680839407854,v1.1-backfill,0.0
20260617,401857000,PHX,LV,0.255417587977628,0.4005221148858078,v1.1-backfill,0.0
20260617,401857001,POR,SEA,0.5032471756403784,0.5610645582085763,v1.1-backfill,1.0
20260618,401857002,IND,ATL,0.5110643817220377,0.5485279439177824,v1.1-backfill,0.0
20260619,401857003,CON,TOR,0.6079736432494924,0.5446610752832152,v1.1-backfill,0.0
20260619,401857004,NY,WSH,0.8696305853125051,0.7165474375323743,v1.1-backfill,0.0
20260619,401857005,GS,MIN,0.3030163326801829,0.4709776340400509,v1.1-backfill,0.0
20260620,401857006,ATL,IND,0.6141767063653676,0.644991032620526,v1.1-backfill,1.0
20260620,401857007,PHX,SEA,0.6737621803611232,0.6390575443374148,v1.1-backfill,1.0
20260620,401857008,DAL,CHI,0.7380772364333854,0.68457426409626,v1.1-backfill,1.0
20260621,401857009,LV,GS,0.763054096614068,0.704678089925573,v1.1-backfill,1.0
20260621,401857010,MIN,WSH,0.8940071765096792,0.7600075996896232,v1.1-backfill,0.0
20260621,401857011,LA,NY,0.4272573999684713,0.4921769126210054,v1.1-backfill,1.0
20260622,401857012,CON,CHI,0.3819384314859698,0.5635549686473399,v1.1-backfill,1.0
20260622,401857013,ATL,TOR,0.8891944866013404,0.7663765028048313,v1.1-backfill,1.0
20260622,401857014,IND,PHX,0.7216425189553712,0.6523538675817895,v1.1-backfill,1.0
20260622,401857015,SEA,DAL,0.2622336574307481,0.4959233103708556,v1.1-backfill,0.0
20260623,401857016,LV,NY,0.6477614188879517,0.6797442567420956,v1.1-backfill,0.0
20260624,401857017,IND,PHX,0.7711806957387847,0.666731920904348,v1.1-backfill,0.0
20260624,401857018,WSH,MIN,0.1910627469731459,0.4202013044520405,v1.1-backfill,0.0
20260624,401857019,CHI,POR,0.724654278631941,0.5411815271764568,v1.1-backfill,1.0
20260624,401857020,GS,ATL,0.3966475462603496,0.4901214172081525,v1.1-backfill,1.0
20260625,401857021,TOR,LA,0.4495727145582258,0.4890878675484756,v1.1-backfill,1.0
20260625,401857022,LV,DAL,0.7177640805897066,0.7279406026872636,v1.1-backfill,1.0
20260625,401857023,SEA,NY,0.3281926181759007,0.3859246803820959,v1.1-backfill,1.0
20260626,401857024,CON,WSH,0.3408426683255181,0.4601534333519251,v1.1-backfill,1.0
20260626,401857025,CHI,POR,0.7821360840329602,0.5620823772008777,v1.1-backfill,1.0
20260626,401857026,GS,ATL,0.400309149985403,0.5135975544121578,v1.1-backfill,1.0
20260627,401857027,TOR,PHX,0.6028063846895098,0.5249986621756502,v1.1-backfill,0.0
20260627,401857028,IND,LA,0.6707867588682085,0.6273825559972219,v1.1-backfill,1.0
20260627,401857029,SEA,ATL,0.2991607903973432,0.3853317846088337,v1.1-backfill,1.0
20260628,401857030,DAL,MIN,0.4190256943279686,0.4141906038103743,v1.1-backfill,0.0
20260628,401857031,WSH,POR,0.7574388257249604,0.6667882643888775,v1.1-backfill,1.0
20260628,401857032,CHI,LV,0.2732303194181291,0.3080284639575191,v1.1-backfill,0.0
20260628,401857033,GS,NY,0.4593450041854509,0.5645432833275877,v1.1-backfill,1.0
20260702,401857034,WSH,ATL,0.2570515913291586,0.4723661566443161,v1.1-backfill,1.0
20260702,401857035,CON,DAL,0.3227892269919184,0.4689057499892577,v1.1-backfill,0.0
20260702,401857036,PHX,SEA,0.5798991992912964,0.6565622938910345,v1.1-backfill,1.0
20260703,401857037,NY,MIN,0.4704959026107723,0.4751184063203729,v1.1-backfill,1.0
20260703,401857038,LV,CHI,0.704735041009576,0.8259036294302856,v1.1-backfill,1.0
20260704,401857039,ATL,GS,0.6460350032982686,0.5990375016567456,v1.1-backfill,0.0
20260704,401857040,SEA,POR,0.7871018207653089,0.6178278763073082,v1.1-backfill,0.0
20260705,401857041,TOR,DAL,0.2912162285251072,0.4965340826227333,v1.1-backfill,0.0
20260705,401857042,LV,IND,0.6613549379443915,0.7067625556464635,v1.1-backfill,0.0
20260706,401857043,WSH,GS,0.286502723658926,0.4968602326314747,v1.1-backfill,0.0
20260706,401857044,MIN,CON,0.8414782755118256,0.8289934476558316,v1.1-backfill,0.0
20260706,401857045,LA,SEA,0.5728354369788003,0.6689620318071838,v1.1-backfill,0.0
20260707,401857046,NY,DAL,0.5856398870743007,0.6520737502665414,v1.1-backfill,0.0
20260707,401857047,PHX,CHI,0.5914547127195121,0.7057942889661601,v1.1-backfill,0.0
20260708,401857048,TOR,GS,0.2948213210139166,0.3928975339466151,v1.1-backfill,0.0
20260708,401857049,CON,MIN,0.2260847500312988,0.3240922043057218,v1.1-backfill,0.0
20260708,401857050,LA,IND,0.4062599935469197,0.4936062793732545,v1.1-backfill,1.0
20260709,401857051,ATL,SEA,0.7503476785103295,0.7246566791394634,v1.1-backfill,1.0
20260709,401857052,PHX,IND,0.422375322143565,0.5205776578010135,v1.1-backfill,0.0
20260709,401857053,POR,LV,0.1243100812501821,0.3213998999259791,v1.1-backfill,0.0
20260710,401857054,CON,GS,0.2948001655709125,0.3598190086912322,v1.1-backfill,0.0
20260710,401857055,TOR,DAL,0.2394019214825148,0.4497763774551622,v1.1-backfill,0.0
20260710,401857056,LA,CHI,0.5123845058837685,0.6748887060834118,v1.1-backfill,1.0
20260711,401857057,MIN,NY,0.6163621180766957,0.6697937800773636,v1.1-backfill,1.0
20260711,401857058,LV,PHX,0.7715369289564915,0.7570809301574457,v1.1-backfill,1.0
20260711,401857059,ATL,POR,0.8483714300999835,0.7512701508202391,v1.1-backfill,0.0
20260712,401857060,TOR,NY,0.2568618131678564,0.4072730407978853,v1.1-backfill,1.0
20260712,401857061,WSH,SEA,0.5190298811934975,0.6555686040411022,v1.1-backfill,1.0
20260712,401857062,DAL,CHI,0.738866492784697,0.7256774249040768,v1.1-backfill,1.0
20260712,401857063,LV,IND,0.7254867263165712,0.6900153204931736,v1.1-backfill,0.0
20260713,401857064,ATL,LA,0.7229129496623117,0.6484837969037686,v1.1-backfill,1.0
20260713,401857065,MIN,PHX,0.8278900980703184,0.7552936777791536,v1.1-backfill,1.0
20260714,401857066,CON,POR,0.5952897241196633,0.5479504866941558,v1.1-backfill,1.0
20260714,401857067,TOR,WSH,0.5169316456955422,0.4898961337980512,v1.1-backfill,0.0
20260715,401857068,CHI,SEA,0.5147619207507118,0.5606470404639309,v1.1-backfill,1.0
20260715,401857069,MIN,LA,0.7612806677193854,0.7495755284474364,v1.1-backfill,1.0
20260715,401857070,IND,GS,0.6671343857655222,0.5558731892843012,v1.1-backfill,0.0
20260716,401857071,WSH,POR,0.6978840508264363,0.6856567906786132,v1.1-backfill,0.0
20260717,401857073,IND,SEA,0.7151898802657615,0.7431568442526729,v1.1-backfill,1.0
20260717,401857074,TOR,ATL,0.2675585596259879,0.4032861343207248,v1.1-backfill,0.0
20260717,401857075,CHI,LA,0.4839715804150543,0.4927875574629776,v1.1-backfill,1.0
20260717,401857076,PHX,CON,0.6621076494843161,0.6689022173838295,v1.1-backfill,0.0
20260718,401857077,IND,NY,0.6644757759787795,0.6126155913231488,v1.1-backfill,1.0
20260718,401857078,MIN,POR,0.8838170795160588,0.8053620026049563,v1.1-backfill,1.0
20260718,401857079,GS,WSH,0.7978673818007258,0.7112971439231751,v1.1-backfill,1.0
20260719,401857080,DAL,LA,0.6732626571091128,0.6582136054172967,v1.1-backfill,1.0
20260719,401857081,ATL,CHI,0.7530768386947873,0.7436192317457384,v1.1-backfill,1.0
20260719,401857082,PHX,CON,0.6410246472719001,0.6410692005666502,v1.1-backfill,1.0
20260720,401857083,TOR,LV,0.2102186255781329,0.3065065816825852,v1.1-backfill,0.0
20260720,401857084,GS,WSH,0.7387465473285405,0.7220941848289327,v1.1-backfill,0.0
20260720,401857085,SEA,MIN,0.267997728119128,0.3000921559922971,v1.1-backfill,0.0
20260720,401892393,DAL,NY,0.3718299534581878,0.599067499061704,v1.1-backfill,0.0
20260722,401857086,LA,PHX,0.5518315671349053,0.5862419613065312,v1.1-backfill,0.0
20260722,401857087,SEA,MIN,0.2028103353635683,0.2886113197670458,v1.1-backfill,0.0
20260722,401857088,NY,CHI,0.6934745533821883,0.7291327671377137,v1.1-backfill,1.0
20260722,401857089,WSH,LV,0.2428896500738754,0.4122256147352767,v1.1-backfill,1.0
20260722,401857090,IND,CON,0.8707081557159773,0.7595477629141139,v1.1-backfill,1.0
20260722,401857091,POR,DAL,0.3186718730287019,0.4527035227197584,v1.1-backfill,0.0
20260728,401857092,WSH,CON,0.6599062071960217,0.7056010761604183,v1.1,1.0
20260728,401857093,MIN,TOR,0.9102891962439816,0.8405560835428099,v1.1,1.0
20260728,401857094,SEA,IND,0.3126309429065782,0.3702776858785179,v1.1,0.0
20260728,401857095,LV,POR,0.876681746996942,0.8020493560765358,v1.1,1.0
20260728,401857096,LA,NY,0.4766739445359683,0.4736612041474521,v1.1,0.0
20260729,401857097,DAL,ATL,0.5627342081641719,0.5525697430893481,v1.1,0.0
20260729,401857098,PHX,GS,0.4349195997998323,0.4430495261400957,v1.1,1.0
20260730,401857099,TOR,MIN,0.1536775127953904,0.2687514256999488,v1.1,0.0
20260730,401857100,CHI,CON,0.6818779340641149,0.5988224867678298,v1.1,1.0
20260730,401857101,LV,NY,0.6261620397601091,0.6721257581001441,v1.1,1.0
20260731,401857102,ATL,SEA,0.797184907452971,0.7820073067394016,v1.1,1.0
20260731,401857103,WSH,DAL,0.3956638670004611,0.5662926433205374,v1.1,1.0
20260731,401857104,POR,IND,0.1863910652887614,0.3800808804405491,v1.1,0.0
20260801,401857105,CHI,LV,0.3406290953621381,0.3189396516858078,v1.1,1.0
20260801,401857106,PHX,NY,0.4243072419453355,0.5093346736739048,v1.1,0.0
20260802,401857107,MIN,IND,0.6499395152825873,0.6769940978092711,v1.1,1.0
20260802,401857108,POR,LA,0.4250787048284809,0.5326216597835168,v1.1,0.0
20260802,401857109,DAL,CON,0.8335098779597527,0.7318433708728583,v1.1,1.0
20260802,401857110,GS,TOR,0.8079965129836996,0.7905411845437662,v1.1,1.0
20260803,401857111,ATL,LV,0.7191749515470078,0.5323928376621947,v1.1,0.0
20260803,401857112,NY,SEA,0.6358103872045909,0.7703003905953802,v1.1,1.0
20260803,401857113,CHI,PHX,0.5766011130559903,0.5229487126638009,v1.1,0.0
20260804,401857114,GS,TOR,0.8079965129836996,0.7905411845437662,v1.1,1.0
20260805,401857115,ATL,PHX,0.7365373191511625,0.7015742411979035,v1.1,1.0
20260805,401857116,NY,SEA,0.7526672077160808,0.7703003905953802,v1.1,1.0
20260805,401857117,WSH,DAL,0.4132013919693681,0.5858008082431343,v1.1,1.0
20260805,401857118,CHI,LA,0.6238165504484691,0.5608954655297814,v1.1,1.0
20260806,401857119,IND,LV,0.7514872485396505,0.5392412183046184,v1.1,0.0
20260806,401857120,MIN,LA,0.7584432112767441,0.8068830303987433,v1.1,0.0
20260806,401857121,POR,TOR,0.6404004958375585,0.6087444300472354,v1.1,1.0
20260807,401857122,CON,PHX,0.5193007968260916,0.4750353634943822,v1.1,1.0
20260807,401857123,WSH,ATL,0.5588701389131829,0.5126206021149025,v1.1,1.0
20260807,401857124,DAL,GS,0.4646608278353656,0.5100401362252276,v1.1,0.0
20260808,401857125,MIN,LV,0.7511068347883961,0.6345745629251085,v1.1,1.0
20260808,401857126,CHI,IND,0.542907636604451,0.3905279278606193,v1.1,0.0
20260808,401857127,POR,SEA,0.5599006545297668,0.6083751482645006,v1.1,1.0
20260809,401857128,NY,LV,0.6132903510814357,0.5238850372573304,v1.1,1.0
20260809,401857129,WSH,PHX,0.7848994285278234,0.6758973418166502,v1.1,1.0
20260809,401857130,MIN,DAL,0.7872146960324173,0.7614721734101522,v1.1,1.0
20260809,401857131,LA,GS,0.413976486547442,0.4185363108281823,v1.1,0.0
20260810,401857132,ATL,TOR,0.7457398460174739,0.7908740602478043,v1.1,1.0
20260810,401857133,SEA,CHI,0.52249526281876,0.5255180581289229,v1.1,1.0
20260811,401857134,IND,NY,0.551485334280931,0.5873033696257353,v1.1,1.0
20260811,401857135,LV,WSH,0.6821006926590364,0.6806442398827712,v1.1,1.0
20260811,401857136,LA,PHX,0.5379593371490731,0.4878171539039582,v1.1,0.0
20260812,401857137,DAL,TOR,0.6851625383534892,0.7376884040776365,v1.1,1.0
20260812,401857138,GS,CHI,0.7019089343481156,0.7902634357205945,v1.1,1.0
20260812,401857139,POR,MIN,0.3832515381641981,0.2797423870239088,v1.1,0.0
20260813,401857140,CON,ATL,0.4232156296509128,0.3680053239886264,v1.1,0.0
20260813,401857141,NY,LA,0.7055204450675439,0.721559855168785,v1.1,1.0
20260813,401857142,LV,WSH,0.5366567689541648,0.6932933688454108,v1.1,1.0
20260814,401857143,IND,DAL,0.667824117296347,0.6737926204656983,v1.1,1.0
20260814,401857144,SEA,POR,0.5244203405053203,0.5547851757807368,v1.1,0.0
20260815,401857145,CON,NY,0.355995876405682,0.3574874922465684,v1.1,0.0
20260815,401857146,WSH,LA,0.6675618255902332,0.6892540762662622,v1.1,1.0
20260815,401857147,LV,MIN,0.5191460490230784,0.5424945723804105,v1.1,0.0
20260816,401857148,SEA,CHI,0.5453045624986206,0.5393642785167434,v1.1,0.0
20260816,401857150,ATL,IND,0.5040858376222991,0.5695002521706497,v1.1,0.0
20260816,401857149,PHX,POR,0.5727405289439558,0.6566221942555878,v1.1,0.0
20260817,401857151,GS,DAL,0.7090006091679188,0.7069597742488933,v1.1,1.0
20260818,401857152,CON,LA,0.483302471584501,0.5168746031444711,v1.1,1.0
20260818,401857153,TOR,IND,0.2994940861943633,0.298587842437499,v1.1,0.0
20260818,401857154,CHI,NY,0.4572354634771728,0.3835340327362441,v1.1,1.0
20260818,401857155,LV,ATL,0.5751000672372215,0.6559711153681523,v1.1,0.0
20260819,401857156,WSH,TOR,0.7338770982297836,0.7779475305195034,v1.1,1.0
20260819,401857157,GS,MIN,0.6928717663365608,0.5026645123829651,v1.1,0.0
20260820,401857158,DAL,IND,0.5346347088058526,0.4497583693513425,v1.1,1.0
20260820,401857159,LV,CON,0.6672482319052692,0.8138025027540043,v1.1,1.0
20260820,401857160,LA,ATL,0.3983552664593397,0.3974511965972928,v1.1,0.0
20260821,401857161,WSH,MIN,0.659035022625176,0.4004784252541297,v1.1,0.0
20260821,401857162,CHI,GS,0.4121816477770271,0.3661868598195404,v1.1,1.0
20260821,401857163,TOR,POR,0.6080887006621346,0.4936535251973505,v1.1,1.0
20260822,401857164,NY,IND,0.6323310501057118,0.5509223858649186,v1.1,1.0
20260822,401857165,LA,CON,0.5432603470964142,0.6259308665351015,v1.1,1.0
20260822,401857166,PHX,ATL,0.3887838132090071,0.4314797255801701,v1.1,0.0
20260823,401857167,DAL,SEA,0.6563642029444607,0.7485405027562475,v1.1,1.0
20260823,401857168,CHI,IND,0.6242497846577262,0.4007672710142854,v1.1,0.0
20260823,401857169,POR,WSH,0.4975183993339983,0.4395843283357153,v1.1,0.0
20260823,401857170,TOR,LV,0.5490240721281895,0.2805767515214304,v1.1,0.0
20260824,401857171,MIN,GS,0.5792018169190843,0.7043238248171225,v1.1,0.0
20260824,401857172,LA,ATL,0.3756872831554528,0.3788111279235347,v1.1,0.0
20260825,401857173,CON,CHI,0.5122427899512731,0.5206075899406932,v1.1,1.0
20260825,401857174,DAL,POR,0.6403018063717668,0.7033733931057505,v1.1,1.0
20260825,401857175,PHX,WSH,0.4615949030572906,0.4763911966024017,v1.1,0.0
20260826,401857176,CON,GS,0.273417028122089,0.3202991448022477,v1.1,0.0
20260826,401857177,SEA,TOR,0.6312697858498105,0.5828526787349191,v1.1,1.0
20260827,401857178,NY,GS,0.4748638523749215,0.5407001293178887,v1.1,0.0
20260827,401857179,PHX,WSH,0.4315347347687059,0.4545607190284306,v1.1,0.0
20260828,401857180,ATL,POR,0.7263780848791171,0.7920952719867094,v1.1,0.0
20260828,401857181,IND,CON,0.7378971948518191,0.8045732529877948,v1.1,1.0
20260828,401857182,LV,TOR,0.7002592405490518,0.8484483731002616,v1.1,1.0
20260828,401857183,LA,WSH,0.4477311319198013,0.4123064855631363,v1.1,1.0
20260829,401857184,NY,CHI,0.6438936246137401,0.7438438031032127,v1.1,1.0
20260829,401857185,PHX,TOR,0.6695864670088469,0.6908718845606088,v1.1,1.0
20260830,401857186,ATL,MIN,0.6370801385690992,0.462779607328587,v1.1,1.0
20260830,401857187,SEA,LA,0.562035336031336,0.5002002104565215,v1.1,0.0
20260830,401857188,POR,GS,0.4015410474029267,0.3358331976904207,v1.1,
20260830,401857189,DAL,CON,0.6785680448936262,0.7393088664954977,v1.1,
